Organization,Followed On
AI Residency (AIR),Mon Feb 02 23:04:05 UTC 2026
Qecosystem,Mon Feb 02 22:57:29 UTC 2026
1752vc (Formerly Pegasus),Mon Feb 02 21:02:34 UTC 2026
Afore Capital,Mon Feb 02 20:50:42 UTC 2026
Fortune,Fri Jan 30 09:54:45 UTC 2026
Zoox,Fri Jan 30 09:54:07 UTC 2026
Pre-seed to Succeed,Thu Jan 29 07:07:50 UTC 2026
Capital One,Thu Jan 29 06:02:32 UTC 2026
Nutrient,Thu Jan 29 05:44:18 UTC 2026
Waymo,Wed Jan 28 23:25:13 UTC 2026
Entrepreneurs'‚Äã Organization,Wed Jan 28 22:03:33 UTC 2026
Emergence Capital,Wed Jan 28 09:41:05 UTC 2026
pebblebed,Wed Jan 28 07:18:53 UTC 2026
The Tech Bros,Wed Jan 28 06:59:01 UTC 2026
Lightspeed,Wed Jan 28 01:09:31 UTC 2026
Flex Capital,Sun Jan 25 03:51:48 UTC 2026
Block,Sun Jan 25 03:45:50 UTC 2026
Blumberg Capital,Sun Jan 25 00:12:06 UTC 2026
AlchemistX,Sun Jan 25 00:05:46 UTC 2026
Plurio by Elly Analytics,Tue Jan 20 04:01:57 UTC 2026
Trulioo,Fri Jan 16 23:44:40 UTC 2026
PayOS,Fri Jan 16 23:39:55 UTC 2026
Supergood,Fri Jan 16 10:56:40 UTC 2026
Poto,Fri Jan 16 10:51:14 UTC 2026
Corgi,Fri Jan 16 10:43:55 UTC 2026
Skild AI,Fri Jan 16 05:25:03 UTC 2026
Refract Ventures,Thu Jan 15 07:36:20 UTC 2026
Rain,Thu Jan 15 07:33:47 UTC 2026
Shark Island,Thu Jan 15 03:31:07 UTC 2026
GITEX GLOBAL Largest Tech & Startup Show in the World,Thu Jan 15 03:26:03 UTC 2026
Silicon Valley Innovation Center,Tue Jan 13 03:50:05 UTC 2026
Chief LegalX,Tue Jan 13 03:43:24 UTC 2026
The Saturday Solopreneur,Mon Jan 12 22:20:56 UTC 2026
Claude,Sat Jan 10 04:42:21 UTC 2026
a16z speedrun,Sat Jan 10 04:42:20 UTC 2026
Inkeep,Wed Jan 07 05:38:43 UTC 2026
Episode Six,Tue Jan 06 20:48:44 UTC 2026
Every Inc.,Mon Dec 29 05:46:33 UTC 2025
Lightspark,Sun Dec 28 10:24:04 UTC 2025
Brale,Sat Dec 20 01:18:26 UTC 2025
OnRecord Networks,Sat Dec 20 01:10:59 UTC 2025
Newline‚Ñ¢ by Fifth Third,Fri Dec 19 09:54:36 UTC 2025
R136 Ventures,Thu Dec 18 06:11:40 UTC 2025
Lovable,Thu Dec 18 05:36:50 UTC 2025
Bead,Tue Dec 16 09:54:31 UTC 2025
Model ML,Tue Dec 16 01:43:23 UTC 2025
AI Valley,Tue Dec 16 01:32:15 UTC 2025
Loop Crypto,Sun Dec 14 06:37:18 UTC 2025
IT Park Ventures,Thu Dec 11 05:25:21 UTC 2025
IT PARK Uzbekistan,Thu Dec 11 05:24:00 UTC 2025
Clio,Thu Dec 11 05:21:13 UTC 2025
JPMorganChase,Wed Dec 10 02:53:48 UTC 2025
AssemblyAI,Wed Dec 10 02:51:50 UTC 2025
Maverick Payments,Tue Dec 09 21:11:44 UTC 2025
PayTech Women,Tue Dec 09 21:10:21 UTC 2025
Kursiv Uzbekistan,Tue Dec 09 19:25:16 UTC 2025
Innovative Technology Ltd,Mon Dec 08 22:11:12 UTC 2025
GDS42 AI,Mon Dec 08 22:11:05 UTC 2025
BankWyse,Mon Dec 08 07:24:49 UTC 2025
Sentry,Thu Dec 04 18:47:00 UTC 2025
RS2,Wed Dec 03 07:15:15 UTC 2025
Women in AI Club,Wed Dec 03 03:46:20 UTC 2025
"5 Pillars Compliance Consulting, LLC",Mon Dec 01 10:38:52 UTC 2025
PowerFunds,Sat Nov 29 02:28:57 UTC 2025
OnePay,Wed Nov 26 04:16:53 UTC 2025
AlphaMail.ai,Wed Nov 26 04:13:38 UTC 2025
MiniMax,Wed Nov 26 04:09:22 UTC 2025
Harvest,Wed Nov 26 03:34:20 UTC 2025
Lightfield,Mon Nov 24 21:43:21 UTC 2025
TLTF Summit,Wed Nov 19 02:25:41 UTC 2025
HSBC Innovation Banking,Tue Nov 18 02:08:04 UTC 2025
Pando,Tue Nov 18 01:26:51 UTC 2025
Zions Bancorporation,Mon Nov 17 23:00:31 UTC 2025
Zions Bank,Mon Nov 17 23:00:12 UTC 2025
Conduit,Mon Nov 17 04:14:23 UTC 2025
GM Financial,Fri Nov 14 02:39:02 UTC 2025
GitHub,Fri Nov 14 02:38:59 UTC 2025
ChatGPT,Fri Nov 14 02:38:58 UTC 2025
Cloudflare,Fri Nov 14 02:38:53 UTC 2025
Fiat Ventures,Thu Nov 13 06:47:31 UTC 2025
Fiat Growth,Thu Nov 13 06:06:34 UTC 2025
RAISE Global,Thu Nov 13 06:01:05 UTC 2025
California Department of Finance,Wed Nov 12 06:53:01 UTC 2025
California Department of Financial Protection and Innovation,Wed Nov 12 06:49:47 UTC 2025
Banc of California,Wed Nov 12 05:08:45 UTC 2025
AustrianStartups,Mon Oct 27 23:18:39 UTC 2025
Bridge,Mon Oct 27 02:04:29 UTC 2025
Adro,Mon Oct 27 00:05:36 UTC 2025
True Audit,Sun Oct 26 07:58:03 UTC 2025
Wallet in Telegram,Sat Oct 25 04:35:02 UTC 2025
Stablecon,Fri Oct 24 21:40:09 UTC 2025
Presidio Legal LLP,Fri Oct 24 04:36:55 UTC 2025
Brico,Wed Oct 22 07:50:17 UTC 2025
Curly Braces,Tue Oct 21 01:24:20 UTC 2025
ZAS Ventures,Tue Oct 21 01:23:46 UTC 2025
Sonoma AI with Wine,Tue Oct 21 00:58:18 UTC 2025
Women In Fintech,Mon Oct 20 21:18:07 UTC 2025
CrewAI,Mon Oct 20 09:40:27 UTC 2025
n8n,Mon Oct 20 06:12:41 UTC 2025
Cresta,Wed Oct 15 19:56:43 UTC 2025
micro1,Wed Oct 15 19:55:01 UTC 2025
Deskree,Sat Oct 11 01:50:16 UTC 2025
Orbital Composites,Sat Oct 11 01:29:15 UTC 2025
Gins AI,Fri Oct 10 20:57:05 UTC 2025
Bitso,Fri Oct 10 05:06:48 UTC 2025
Bitso Business,Fri Oct 10 05:06:42 UTC 2025
New York League of Independent Bankers (NYLIB),Fri Oct 10 05:04:57 UTC 2025
Coinflow,Fri Oct 10 05:04:38 UTC 2025
BVNK,Fri Oct 10 05:03:23 UTC 2025
Notable Capital,Fri Oct 10 04:26:39 UTC 2025
Cable,Fri Oct 10 03:37:51 UTC 2025
Blitzscaling Ventures,Fri Oct 10 00:55:01 UTC 2025
Fellows Fund,Thu Oct 09 23:36:17 UTC 2025
Paxos Labs,Tue Oct 07 23:17:57 UTC 2025
The Financial Club,Tue Oct 07 04:11:19 UTC 2025
Paxos,Tue Oct 07 03:24:09 UTC 2025
TECH WEEK by a16z,Tue Oct 07 00:13:36 UTC 2025
"Rivonia Road Capital, LLC",Mon Oct 06 22:29:43 UTC 2025
Everywhere Ventures,Mon Oct 06 22:29:33 UTC 2025
Checkbook,Wed Oct 01 19:17:35 UTC 2025
Ory Corp,Wed Oct 01 05:15:21 UTC 2025
MRC | Merchant Risk Council,Wed Oct 01 05:12:22 UTC 2025
Apify,Wed Oct 01 05:09:34 UTC 2025
Niche Compliance,Mon Sep 29 04:01:58 UTC 2025
Oscilar,Thu Sep 25 22:03:00 UTC 2025
Spring Labs,Wed Sep 24 04:30:10 UTC 2025
QuickSlot Health,Mon Sep 22 06:39:10 UTC 2025
SmartexSoft,Sat Sep 20 18:41:13 UTC 2025
Collective150,Thu Sep 18 08:03:23 UTC 2025
Persona,Mon Sep 15 22:00:41 UTC 2025
Anysphere,Mon Sep 15 09:06:26 UTC 2025
California State Treasurer's Office,Fri Sep 12 07:48:22 UTC 2025
Ascendo Venture Capital,Fri Sep 12 02:36:42 UTC 2025
COMMAND,Thu Sep 11 04:16:43 UTC 2025
Modern Treasury,Tue Sep 09 19:03:10 UTC 2025
Mercantile Bank,Tue Sep 09 19:02:08 UTC 2025
OpenAI for Startups,Tue Sep 09 03:44:20 UTC 2025
Palantir Technologies,Tue Sep 09 03:41:33 UTC 2025
Humiris AI,Fri Sep 05 04:00:00 UTC 2025
Front,Sat Aug 30 22:10:17 UTC 2025
Foundation Capital,Fri Aug 29 19:38:12 UTC 2025
RegSurety,Fri Aug 29 01:27:33 UTC 2025
Llama Lounge,Tue Aug 26 19:59:00 UTC 2025
Alloy Alchemist Fund,Mon Aug 25 23:02:12 UTC 2025
LendAPI,Thu Aug 21 22:43:11 UTC 2025
Airwallex,Thu Aug 21 18:29:11 UTC 2025
assistant-ui (YC W25),Wed Aug 20 01:04:13 UTC 2025
GrazaAI,Sun Aug 17 20:46:03 UTC 2025
Entrix,Wed Aug 13 04:09:58 UTC 2025
Future AGI,Mon Aug 11 21:54:09 UTC 2025
Cartesia,Fri Aug 08 05:39:51 UTC 2025
Cursor,Fri Aug 08 02:13:28 UTC 2025
PentX,Wed Aug 06 08:57:39 UTC 2025
Reflection AI,Wed Aug 06 08:50:06 UTC 2025
Draftwise,Fri Aug 01 22:46:30 UTC 2025
Project NANDA: Architecting the Internet of AI Agents,Thu Jul 31 07:01:17 UTC 2025
AI Chips & Data Centers,Thu Jul 24 21:59:57 UTC 2025
Metalab,Thu Jul 24 01:40:33 UTC 2025
Deepgram,Wed Jul 23 21:31:49 UTC 2025
Boson AI,Wed Jul 23 04:06:54 UTC 2025
Vapi,Tue Jul 22 08:22:47 UTC 2025
Founders Forum Group,Sun Jul 20 00:41:46 UTC 2025
Stealth AI Startup,Fri Jul 18 23:04:38 UTC 2025
Thinking Machines Lab,Thu Jul 17 06:58:40 UTC 2025
Supio,Thu Jul 17 00:53:58 UTC 2025
Sapphire Ventures,Thu Jul 17 00:53:29 UTC 2025
Framer,Tue Jul 15 21:55:56 UTC 2025
Tely AI,Mon Jul 14 20:57:16 UTC 2025
Amazon Science,Mon Jul 14 07:18:24 UTC 2025
Pana,Sun Jul 13 03:01:30 UTC 2025
ProductTank San Francisco,Mon Jul 07 01:47:37 UTC 2025
Aparti.ai,Mon Jul 07 01:38:38 UTC 2025
T-Mobile For Business,Wed Jul 02 00:04:22 UTC 2025
TwelveLabs,Tue Jul 01 02:44:42 UTC 2025
T-Mobile DevEdge,Mon Jun 30 09:55:11 UTC 2025
T-Mobile Accelerator,Mon Jun 30 09:54:53 UTC 2025
Inworld AI,Sun Jun 29 23:34:37 UTC 2025
Founders Bay,Sun Jun 29 00:03:43 UTC 2025
Janus (YC X25),Thu Jun 26 06:26:07 UTC 2025
"Naval Surface Warfare Center, Crane Division",Tue Jun 24 01:30:58 UTC 2025
Lola Vision Systems,Tue Jun 24 01:28:56 UTC 2025
Arben Ventures,Tue Jun 24 00:26:11 UTC 2025
AWS Open Source,Mon Jun 23 22:03:56 UTC 2025
Liberty Caribbean,Tue Jun 24 11:06:58 UTC 2025
Grishin Robotics,Sat Jun 07 01:02:45 UTC 2025
Instantly.ai,Sun Jun 01 22:25:18 UTC 2025
Mento vc,Sat May 31 06:23:09 UTC 2025
HF0 Residency,Sat May 31 06:22:06 UTC 2025
Foothill Ventures,Wed May 28 08:31:58 UTC 2025
Swytchcode,Mon May 26 19:57:34 UTC 2025
Office of the Comptroller of the Currency,Mon May 19 04:39:48 UTC 2025
GmoneyTrans,Sun May 18 21:48:45 UTC 2025
ServiceAgent,Sat May 17 00:31:04 UTC 2025
Evil Martians,Thu May 15 04:03:09 UTC 2025
Arrow Group,Tue May 13 21:20:53 UTC 2025
NVIDIA Data Center,Tue May 13 18:42:06 UTC 2025
NVIDIA for Startups,Tue May 13 18:41:56 UTC 2025
Lead,Wed May 07 18:41:56 UTC 2025
PayPal Ventures,Wed Apr 30 16:43:20 UTC 2025
Dead Bankers Society,Mon Apr 28 22:23:45 UTC 2025
Foundation,Sun Apr 27 22:56:31 UTC 2025
Fintech NerdCon,Sun Apr 27 19:09:44 UTC 2025
Qlay,Thu Apr 17 19:58:26 UTC 2025
Phonic,Thu Apr 17 02:27:39 UTC 2025
Quona Capital,Wed Apr 16 03:36:04 UTC 2025
DeepLearning.AI,Sat Apr 12 05:19:25 UTC 2025
American Fintech Council,Wed Apr 09 04:49:15 UTC 2025
Opero Labs,Tue Apr 08 01:03:56 UTC 2025
vLex,Wed Apr 02 06:46:51 UTC 2025
Legalweek,Mon Mar 31 10:21:59 UTC 2025
Vals AI,Sun Mar 30 22:19:18 UTC 2025
Abridge,Sat Mar 29 08:49:53 UTC 2025
New York State Department of Financial Services,Fri Mar 28 23:48:17 UTC 2025
Association for Women in Cryptocurrency,Fri Mar 28 23:48:13 UTC 2025
Covalent API,Fri Mar 28 05:58:17 UTC 2025
COLIBRIX ONE,Fri Mar 28 05:57:56 UTC 2025
Grandeliga,Fri Mar 28 05:57:55 UTC 2025
Stanford University,Fri Mar 28 00:45:34 UTC 2025
Israel Tech Week,Thu Mar 27 09:31:55 UTC 2025
Law.com Community,Tue Mar 25 22:24:55 UTC 2025
FounderCoHo,Tue Mar 25 20:36:34 UTC 2025
"Founders, Inc.",Sun Mar 23 07:49:52 UTC 2025
Investment Reports,Wed Mar 19 02:15:43 UTC 2025
Zyphra,Wed Mar 19 02:11:04 UTC 2025
Finderz AI,Tue Mar 18 03:24:34 UTC 2025
No Cap,Sat Mar 15 05:15:19 UTC 2025
BoomFi,Thu Mar 13 22:25:23 UTC 2025
Mesh,Thu Mar 13 19:35:07 UTC 2025
LanceDB,Thu Mar 13 01:33:58 UTC 2025
Plata Card,Wed Mar 12 04:51:59 UTC 2025
Connecting the dots in Payments...,Wed Mar 05 23:51:36 UTC 2025
InternPro.ai,Mon Mar 03 23:11:32 UTC 2025
Unstructured,Fri Feb 28 02:41:51 UTC 2025
Werqwise,Thu Feb 27 22:22:13 UTC 2025
Lawformer,Thu Feb 27 22:21:56 UTC 2025
Women Tech Meetup,Thu Feb 27 22:21:50 UTC 2025
pre.dev,Thu Feb 27 21:25:03 UTC 2025
Gartner C-level Communities,Fri Feb 21 21:40:14 UTC 2025
Doon Insights,Fri Feb 21 08:45:49 UTC 2025
Abstract,Fri Feb 21 08:45:17 UTC 2025
Bonfire Ventures,Fri Feb 21 08:45:11 UTC 2025
The LegalTech Fund,Fri Feb 21 08:38:50 UTC 2025
Finvisor Fintech Partners,Thu Feb 20 23:07:20 UTC 2025
Pickle,Sun Feb 16 03:19:07 UTC 2025
Swissnex in San Francisco,Sat Feb 15 03:09:06 UTC 2025
Tavily,Sun Feb 09 08:18:39 UTC 2025
"University of California, Berkeley, Haas School of Business",Tue Jan 21 22:35:25 UTC 2025
Humanloop,Tue Jan 21 02:44:30 UTC 2025
Lab22c,Mon Jan 20 16:27:04 UTC 2025
Please AI,Fri Jan 17 22:10:13 UTC 2025
Mastercard Processing S.A.,Wed Jan 15 00:29:38 UTC 2025
The AI Agents Community,Sun Jan 12 06:58:06 UTC 2025
Mural Pay,Wed Jan 08 09:30:56 UTC 2025
EverythingStartups,Wed Jan 08 09:20:06 UTC 2025
NVIDIA,Tue Jan 07 21:12:52 UTC 2025
EntreConnect,Mon Jan 06 06:13:40 UTC 2025
Nebius,Mon Dec 30 06:33:50 UTC 2024
Ligo Partners Family Office,Fri Dec 27 08:56:23 UTC 2024
AI Fund,Wed Dec 25 04:47:16 UTC 2024
AI Salon,Wed Dec 25 04:38:47 UTC 2024
Federal Reserve System,Wed Dec 25 04:27:21 UTC 2024
Stanford GSB Executive Education,Mon Dec 09 03:43:11 UTC 2024
LANA GROUP INC,Fri Dec 06 19:52:50 UTC 2024
BitBasel,Fri Dec 06 19:50:06 UTC 2024
Grasshopper Bank,Tue Dec 03 06:21:28 UTC 2024
WMF - We Make Future,Thu Nov 28 17:30:54 UTC 2024
The Deep-Tech Community,Sun Nov 24 07:51:20 UTC 2024
Inception Studio,Tue Nov 19 23:04:06 UTC 2024
Shield Capital,Tue Nov 19 22:40:47 UTC 2024
CUNA Strategic Services,Mon Nov 18 23:48:27 UTC 2024
Japan Innovation Campus,Mon Nov 04 20:16:29 UTC 2024
Right Side Capital Management,Thu Oct 31 07:52:30 UTC 2024
Sound Ventures,Wed Oct 30 04:31:24 UTC 2024
Enchanted Tools,Sun Oct 27 07:19:44 UTC 2024
TEDAI San Francisco,Sun Oct 27 07:19:33 UTC 2024
Sedric,Mon Oct 21 21:19:49 UTC 2024
The Ventures,Thu Oct 17 18:01:34 UTC 2024
Latinometrics,Mon Oct 14 01:55:54 UTC 2024
1871,Sun Oct 13 01:56:49 UTC 2024
StartX,Thu Oct 10 01:41:11 UTC 2024
Winston & Strawn LLP,Tue Oct 08 04:01:52 UTC 2024
MultiOn,Sun Sep 29 06:47:39 UTC 2024
Mercury,Mon Sep 09 03:50:45 UTC 2024
Tech + Startups Community,Sun Sep 08 21:15:37 UTC 2024
RemitONE,Sun Sep 08 18:13:29 UTC 2024
LlamaIndex,Sat Sep 07 23:55:55 UTC 2024
Centari,Sat Sep 07 23:55:01 UTC 2024
"CodeX, The Stanford Center for Legal Informatics",Sat Sep 07 23:54:49 UTC 2024
Legal Innovators California,Sat Sep 07 23:55:10 UTC 2024
Kindred Ventures,Fri Aug 16 09:57:49 UTC 2024
Altitude Ventures,Sat Aug 10 07:48:58 UTC 2024
IgniteGTM,Sat Aug 10 07:39:49 UTC 2024
South Park Commons,Fri Aug 09 02:47:23 UTC 2024
Menlo Ventures,Wed Aug 07 09:42:57 UTC 2024
Voyage AI by MongoDB,Wed Jul 31 20:19:32 UTC 2024
Build Club,Mon Jul 29 05:12:05 UTC 2024
Hive,Mon Jul 29 03:03:17 UTC 2024
BrainStation,Mon Jul 15 02:10:21 UTC 2024
Cognition,Thu Jul 11 02:29:27 UTC 2024
New Relic,Thu Jul 11 01:19:49 UTC 2024
Stanford University Graduate School of Business,Tue Jul 09 07:09:09 UTC 2024
BentoML,Mon Jul 08 20:29:22 UTC 2024
Techstars ‚ÄçStartup Weekend San Francisco AI,Tue Jul 02 00:42:59 UTC 2024
Solideon,Sat Jun 29 01:36:00 UTC 2024
Giant Step Capital,Sat Jun 29 01:32:17 UTC 2024
Founder School,Fri Jun 28 03:27:09 UTC 2024
Crest Collective,Thu Jun 20 23:56:48 UTC 2024
Icons,Tue Jun 18 04:31:26 UTC 2024
Bay Area Founders Club,Fri Jun 14 00:40:08 UTC 2024
Embedding VC,Fri Jun 14 00:38:24 UTC 2024
Upshift,Thu Jun 13 23:07:24 UTC 2024
Hyper Accelerator,Mon May 27 05:05:49 UTC 2024
LaunchDarkly,Tue May 21 23:31:22 UTC 2024
FinXTech,Thu May 16 02:36:47 UTC 2024
Bank Director,Thu May 16 02:31:33 UTC 2024
Developrs Group (DG) Silicon Valley,Tue May 14 19:32:28 UTC 2024
Future Digital Finance Connect,Thu May 09 19:09:05 UTC 2024
Burning Heroes Founders Association,Sun May 05 01:29:27 UTC 2024
Federal Reserve Bank of San Francisco,Sat May 04 23:00:42 UTC 2024
Treasure Financial,Wed Apr 24 23:42:26 UTC 2024
Integrail,Sun Apr 21 15:22:15 UTC 2024
TechCrunch,Fri Apr 12 08:15:26 UTC 2024
BankWise,Fri Apr 12 01:38:36 UTC 2024
Innovation in Payments and Remittances,Thu Apr 11 04:04:11 UTC 2024
J.P. Morgan,Thu Apr 11 03:56:05 UTC 2024
Baseella,Wed Apr 10 20:58:34 UTC 2024
Nuvei,Wed Apr 10 16:49:36 UTC 2024
Yellow Rocks!,Wed Apr 10 16:49:34 UTC 2024
Sheppard Mullin,Tue Apr 09 21:18:24 UTC 2024
Sardine,Mon Apr 08 20:16:32 UTC 2024
TerraPay,Mon Apr 08 15:47:35 UTC 2024
Google Cloud,Sun Apr 07 15:08:45 UTC 2024
DataPower Ventures,Sun Mar 31 17:17:08 UTC 2024
Tech Power Network,Sun Mar 31 17:15:54 UTC 2024
Google DeepMind,Sun Mar 31 17:08:49 UTC 2024
Google for Developers,Sun Mar 31 17:08:45 UTC 2024
FinTech Intel,Fri Mar 29 04:48:38 UTC 2024
Stanford Institute for Human-Centered Artificial Intelligence (HAI),Fri Mar 29 00:30:33 UTC 2024
Harvard Business School,Tue Mar 26 07:29:14 UTC 2024
Venture Caf√© Miami,Tue Mar 26 07:29:08 UTC 2024
Miami AI Hub,Tue Mar 26 07:29:07 UTC 2024
DVC,Tue Mar 26 06:26:22 UTC 2024
Tech Flow,Tue Mar 26 04:11:54 UTC 2024
Corpay,Mon Mar 25 18:14:33 UTC 2024
Synctera,Fri Mar 22 17:28:27 UTC 2024
MadHats,Thu Mar 21 22:26:33 UTC 2024
Hugging Face,Thu Mar 21 19:51:04 UTC 2024
Mistral AI,Thu Mar 21 19:51:01 UTC 2024
Defense Innovation Board,Thu Mar 21 06:16:37 UTC 2024
Office of the DoW Chief Information Officer,Thu Mar 21 06:16:31 UTC 2024
DoW Chief Digital and Artificial Intelligence Office (CDAO),Thu Mar 21 06:16:19 UTC 2024
Anthropic,Thu Mar 21 02:32:13 UTC 2024
Crusoe,Wed Mar 20 21:06:35 UTC 2024
Falls Fintech,Wed Mar 20 17:52:12 UTC 2024
The Bancorp,Wed Mar 20 17:52:10 UTC 2024
Central Payments,Wed Mar 20 17:51:52 UTC 2024
Osborne Clarke - USA,Wed Mar 20 17:49:59 UTC 2024
VNTR,Wed Mar 20 17:37:08 UTC 2024
Turing,Sat Mar 16 06:41:06 UTC 2024
Microsoft for Startups,Mon Mar 11 04:27:46 UTC 2024
AI Product Creators,Mon Mar 11 04:27:58 UTC 2024
Taktile,Fri Mar 01 20:07:36 UTC 2024
Antler,Sun Feb 25 21:46:25 UTC 2024
Frich Money,Sun Feb 25 21:41:02 UTC 2024
Restive Ventures,Sun Feb 25 21:38:02 UTC 2024
Kiara Capital,Wed Feb 14 00:09:42 UTC 2024
SouthState Bank,Fri Feb 09 19:32:45 UTC 2024
Finsiders Brasil,Fri Feb 09 12:53:44 UTC 2024
Department of Economic Innovation and Development,Thu Feb 01 21:08:23 UTC 2024
Alviere,Mon Jan 15 05:38:30 UTC 2024
UC Berkeley Center for Law & Technology (BCLT),Fri Jan 12 19:06:56 UTC 2024
UC Berkeley Law Executive Education,Fri Jan 12 19:06:47 UTC 2024
Ntropy,Thu Jan 11 22:32:07 UTC 2024
FlexM,Tue Jan 09 08:01:23 UTC 2024
Miami AI Club,Thu Dec 07 02:06:43 UTC 2023
WeavePay,Tue Dec 05 20:21:04 UTC 2023
Google,Mon Dec 04 03:34:33 UTC 2023
UniTeller Financial Services,Wed Nov 29 23:53:07 UTC 2023
Miami Tech + Startups Social,Tue Nov 28 21:16:28 UTC 2023
the c-suite podcast,Tue Nov 14 02:37:58 UTC 2023
i3 Bank,Tue Nov 14 02:35:43 UTC 2023
Techsquads,Fri Oct 27 19:57:37 UTC 2023
US Venture News,Fri Oct 27 19:41:50 UTC 2023
Machnet,Thu Oct 26 00:18:14 UTC 2023
Themis,Mon Oct 23 03:42:33 UTC 2023
Miami Fintech Club,Fri Oct 20 01:58:27 UTC 2023
CrimsonLogic,Mon Oct 09 02:23:09 UTC 2023
Inspiralia,Wed Oct 04 09:26:19 UTC 2023
Gabriel Money,Fri Sep 29 23:42:15 UTC 2023
MAJORITY,Fri Sep 29 17:44:11 UTC 2023
Outset Capital,Fri Sep 29 00:41:20 UTC 2023
Galaxy Interactive,Wed Sep 20 02:25:41 UTC 2023
The AI Collective,Wed Sep 20 02:24:18 UTC 2023
Petnow Inc.,Tue Sep 19 23:28:13 UTC 2023
Women in AI‚ú∞,Tue Sep 19 04:25:32 UTC 2023
AWS AI,Thu Sep 14 02:56:22 UTC 2023
ScaleUp:AI,Wed Sep 13 22:43:55 UTC 2023
Mana Tech,Wed Sep 06 19:27:46 UTC 2023
SaaStr.ai,Wed Sep 06 18:27:30 UTC 2023
OpenAI,Sun Aug 06 23:21:10 UTC 2023
Perplexity,Sun Aug 06 23:21:08 UTC 2023
BOXX Insurance Inc.,Thu Aug 03 20:24:47 UTC 2023
Fidi,Wed Aug 02 00:50:12 UTC 2023
St. Petersburg Foundation,Wed Aug 02 00:10:22 UTC 2023
CloudPay,Wed Aug 02 00:05:32 UTC 2023
USF Technology Transfer,Tue Jun 20 21:25:58 UTC 2023
Arizent,Sun Jun 11 01:01:53 UTC 2023
Locality Bank,Fri Jun 09 15:58:58 UTC 2023
Volt.io,Tue Jun 06 15:11:03 UTC 2023
CSQ Non Stop Shops,Thu Jun 01 23:09:05 UTC 2023
Localpayment,Wed May 31 13:21:37 UTC 2023
Elevate Pay (YC W22),Fri May 26 17:45:24 UTC 2023
FIBA Conferences,Mon May 22 05:59:40 UTC 2023
BWG Global,Mon May 08 19:07:53 UTC 2023
Super Advisor,Fri May 05 22:08:14 UTC 2023
Realla Realty,Fri May 05 22:08:09 UTC 2023
PayBright,Fri May 05 22:07:55 UTC 2023
The Banking 50,Fri May 05 22:07:51 UTC 2023
Flourish Ventures,Wed May 03 00:12:46 UTC 2023
CrossKudi,Thu Apr 27 14:05:44 UTC 2023
NayaOne,Tue Apr 25 18:57:59 UTC 2023
Navro,Mon Apr 24 23:20:48 UTC 2023
Empire Startups - Everything FinTech,Thu Apr 20 01:12:17 UTC 2023
Bank of Georgia,Thu Apr 06 21:35:57 UTC 2023
Female Founders Fund,Wed Apr 05 20:12:24 UTC 2023
MONEX GRUPO FINANCIERO,Tue Apr 04 21:50:33 UTC 2023
Chimney,Tue Apr 04 19:29:11 UTC 2023
South Florida Tech Hub,Tue Apr 04 17:27:59 UTC 2023
PROCOLOMBIA,Fri Mar 17 15:36:16 UTC 2023
Unity Wallet,Mon Mar 13 15:57:51 UTC 2023
dLocal,Mon Mar 13 15:54:19 UTC 2023
Start-ups,Mon Mar 13 14:04:34 UTC 2023
E-commerce,Mon Mar 13 13:36:53 UTC 2023
Team Management,Mon Mar 13 13:34:40 UTC 2023
Product Marketing,Mon Mar 13 12:49:16 UTC 2023
Strategic Partnerships,Mon Mar 13 12:48:43 UTC 2023
M2P Fintech,Fri Mar 10 22:32:23 UTC 2023
Approvely,Thu Mar 09 20:22:24 UTC 2023
PAQ Wallet,Thu Mar 09 19:02:06 UTC 2023
LatamList,Fri Mar 03 18:40:04 UTC 2023
Bantrab,Thu Mar 02 18:18:34 UTC 2023
Alan B. Levan | NSU Broward Center of Innovation,Wed Mar 01 21:35:10 UTC 2023
Raymond James,Wed Feb 22 19:26:49 UTC 2023
Knox Wire,Thu Feb 16 17:33:36 UTC 2023
Fintech Leaders,Wed Feb 15 00:50:56 UTC 2023
First Pryority Bank,Thu Jan 26 02:25:54 UTC 2023
35 Mules,Mon Jan 16 21:38:47 UTC 2023
SCA,Mon Dec 19 17:20:56 UTC 2022
ClearCritical,Mon Dec 19 17:20:52 UTC 2022
Brex,Wed Dec 07 23:33:07 UTC 2022
FTV Capital,Wed Dec 07 23:32:34 UTC 2022
Finsiders Brasil,Fri Dec 02 02:24:23 UTC 2022
Paypr.work [Ààpe…™p…ôw…ôÀêk],Tue Nov 29 19:17:20 UTC 2022
PayGility Advisors,Sun Nov 27 00:44:22 UTC 2022
Silicon Valley Investclub,Wed Nov 23 16:27:32 UTC 2022
Tencent,Tue Nov 22 21:31:28 UTC 2022
Payrailz,Tue Nov 22 18:57:48 UTC 2022
Endeavor Miami,Thu Nov 17 01:27:11 UTC 2022
Netevia,Tue Nov 15 05:11:32 UTC 2022
Stripe,Mon Nov 14 20:13:14 UTC 2022
Nirvana Money,Mon Nov 14 20:12:56 UTC 2022
WorkerAppz Payments,Fri Nov 11 16:01:05 UTC 2022
Moov,Thu Nov 10 23:16:41 UTC 2022
SVB,Thu Nov 10 23:16:40 UTC 2022
Better Tomorrow Ventures,Thu Nov 10 22:41:29 UTC 2022
Link Ventures,Thu Nov 10 22:41:10 UTC 2022
Google for Startups,Thu Nov 10 20:12:51 UTC 2022
Tampa Bay Lightning,Wed Nov 09 19:23:22 UTC 2022
Thrive DTSP,Wed Nov 09 19:23:19 UTC 2022
The Paypers,Mon Nov 07 20:57:52 UTC 2022
Haven,Sat Nov 05 16:58:16 UTC 2022
LINE,Sun Oct 30 17:49:43 UTC 2022
Paysend,Sun Oct 30 17:48:20 UTC 2022
The Fintech Fund üöÄ,Sun Oct 30 17:46:43 UTC 2022
Coatue Management,Fri Oct 28 21:06:46 UTC 2022
Oak HC/FT,Thu Oct 27 17:00:50 UTC 2022
Kushki,Wed Oct 26 21:20:31 UTC 2022
Paytm Labs,Wed Oct 26 20:13:29 UTC 2022
Higlobe,Mon Oct 24 15:28:25 UTC 2022
TTV Capital,Mon Oct 24 15:22:08 UTC 2022
Fin Capital,Sat Oct 22 23:37:50 UTC 2022
AZA Finance,Fri Oct 21 20:17:50 UTC 2022
FTT Embedded Finance & Super Apps,Thu Oct 20 20:00:58 UTC 2022
Nyca Partners,Tue Oct 18 02:12:03 UTC 2022
Tech Beach Retreat,Mon Oct 17 21:56:12 UTC 2022
Sila,Mon Oct 17 21:47:51 UTC 2022
Hummingbird,Mon Oct 17 21:45:26 UTC 2022
Sydecar,Mon Oct 17 20:06:09 UTC 2022
Finnt,Mon Oct 17 19:52:03 UTC 2022
Goldman Sachs,Fri Oct 07 19:45:50 UTC 2022
ChainSafe Systems,Thu Oct 06 17:56:06 UTC 2022
Vestigo Ventures,Tue Oct 04 15:44:47 UTC 2022
"Sandbox Banking, an nCino Company",Tue Oct 04 15:43:16 UTC 2022
MIT Solve,Thu Sep 29 20:54:41 UTC 2022
Civis Bank is now Thread Bank,Thu Sep 29 18:48:46 UTC 2022
AwesomeFinTech,Thu Sep 29 13:33:26 UTC 2022
Designer Fund,Wed Sep 28 17:35:23 UTC 2022
Fidelity Labs,Tue Sep 27 18:24:12 UTC 2022
Multi-Services Zambia Limited,Fri Sep 23 05:33:37 UTC 2022
Techstars Miami,Fri Sep 23 01:49:15 UTC 2022
FF News | Fintech Finance,Fri Sep 23 01:32:02 UTC 2022
Mass Fintech Hub,Thu Sep 22 19:55:19 UTC 2022
Cyndeo Wealth Partners,Thu Sep 22 19:19:37 UTC 2022
Pinellas County Economic Development,Thu Sep 22 19:17:27 UTC 2022
Tampa Bay Economic Development Council,Thu Sep 22 19:17:25 UTC 2022
St. Petersburg Area Chamber of Commerce,Thu Sep 22 19:17:22 UTC 2022
St. Petersburg Downtown Partnership,Thu Sep 22 19:17:20 UTC 2022
City of St. Petersburg,Thu Sep 22 19:17:18 UTC 2022
The Financial Revolutionist,Thu Sep 22 18:04:22 UTC 2022
Pathward,Tue Sep 20 16:03:23 UTC 2022
Suits Me,Sun Sep 18 22:10:28 UTC 2022
FedPayments Improvement,Fri Aug 26 23:39:51 UTC 2022
American Banker,Thu Aug 25 22:28:43 UTC 2022
Brazil at Silicon Valley,Wed Aug 17 17:08:38 UTC 2022
Stellar Development Foundation,Tue Aug 16 17:47:31 UTC 2022
Circle,Tue Aug 09 22:21:38 UTC 2022
St. Pete Catalyst,Tue Aug 09 01:51:23 UTC 2022
Banking Circle,Thu Aug 04 21:30:50 UTC 2022
Visa Innovation Program Europe,Thu Aug 04 21:22:47 UTC 2022
Symptai Consulting Limited,Thu Aug 04 20:23:55 UTC 2022
CANTO Caribbean,Thu Aug 04 20:17:18 UTC 2022
Digicel Business Pacific,Thu Aug 04 20:12:26 UTC 2022
Connecting the Dots in FinTech - USA,Wed Aug 03 20:24:20 UTC 2022
Q2,Tue Aug 02 18:06:43 UTC 2022
Jack Henry,Tue Aug 02 18:05:31 UTC 2022
RevTech Labs Foundation,Tue Aug 02 01:02:00 UTC 2022
Cambrian,Wed Jul 27 20:15:20 UTC 2022
spARK Labs by ARK Invest,Sat Jul 23 00:30:12 UTC 2022
Angels Partners,Thu Jul 21 16:51:26 UTC 2022
Cash App,Thu Jul 14 16:33:43 UTC 2022
Next Frontier Capital,Thu Jul 14 16:33:34 UTC 2022
VV,Wed Jul 13 16:05:47 UTC 2022
Creative Destruction Lab,Tue Jul 12 16:38:23 UTC 2022
Bates Group,Fri Jul 08 18:31:01 UTC 2022
Curql,Fri Jul 08 17:43:15 UTC 2022
Fintech Fringe Festival,Fri Jul 08 17:01:41 UTC 2022
Engage fi,Fri Jul 08 00:31:39 UTC 2022
Homey,Fri Jul 08 00:25:44 UTC 2022
SIGMA,Fri Jul 08 00:25:01 UTC 2022
DUKAPAQ,Fri Jul 08 00:24:58 UTC 2022
Sole Capital,Fri Jul 08 00:23:55 UTC 2022
TampaBay.Ventures,Thu Jul 07 23:56:14 UTC 2022
Seacoast Bank,Thu Jul 07 23:54:46 UTC 2022
VIVA Finance,Thu Jul 07 22:29:30 UTC 2022
Caliza,Thu Jul 07 22:18:08 UTC 2022
TIE Tampa Bay,Fri Jul 01 16:47:12 UTC 2022
TeleGiro,Wed Jun 29 17:43:00 UTC 2022
Visible Hands,Wed Jun 29 17:01:35 UTC 2022
Flywire,Tue Jun 28 01:53:06 UTC 2022
Onyx Private,Mon Jun 27 16:36:43 UTC 2022
inbanx,Mon Jun 27 15:38:04 UTC 2022
OnlineApplication.com,Mon Jun 13 21:37:23 UTC 2022
EML,Fri Jun 10 15:33:47 UTC 2022
NovoPayment,Wed Jun 08 19:24:09 UTC 2022
"YellowPepper, A Visa Solution",Wed Jun 08 16:29:19 UTC 2022
Fintech Ventures Fund,Wed Jun 08 16:26:51 UTC 2022
Talino Venture Studios,Thu Jun 02 19:57:07 UTC 2022
Visa Consulting & Analytics (VCA),Thu Jun 02 19:52:24 UTC 2022
BayaniPay,Thu Jun 02 19:52:08 UTC 2022
J. KAPITULA Financial Consulting,Wed Jun 01 04:15:04 UTC 2022
Capital,Tue May 31 19:19:57 UTC 2022
Inpay,Tue May 31 17:29:28 UTC 2022
Endeavor,Sat May 28 20:56:31 UTC 2022
Argyle,Sat May 28 03:29:45 UTC 2022
University of South Florida Muma College of Business,Thu May 26 15:16:51 UTC 2022
Alloy,Wed May 25 18:26:15 UTC 2022
Treasury Prime,Wed May 18 20:10:39 UTC 2022
Unit,Wed May 18 04:07:04 UTC 2022
Accenture,Mon May 16 23:03:26 UTC 2022
Index Ventures,Tue May 10 18:35:27 UTC 2022
Insight Partners,Tue May 10 18:35:23 UTC 2022
AngelList,Tue May 10 18:35:22 UTC 2022
Ramp,Tue May 10 18:35:20 UTC 2022
Cade Museum for Creativity & Invention,Tue May 10 18:34:34 UTC 2022
Women of Influence+,Fri May 06 17:45:25 UTC 2022
Allo Bank,Thu May 05 22:24:40 UTC 2022
Algorand Technologies,Thu May 05 19:36:33 UTC 2022
Algorand Miami Accelerator,Thu May 05 19:36:23 UTC 2022
New Payment Platforms - Mastercard,Mon Apr 25 15:43:55 UTC 2022
FinTech Silicon Valley Jobs,Mon Apr 25 14:27:40 UTC 2022
FinTech Silicon Valley,Mon Apr 25 14:27:35 UTC 2022
Column,Thu Apr 21 16:44:03 UTC 2022
Checkout.com,Tue Apr 19 18:00:47 UTC 2022
University of South Florida St. Petersburg,Tue Apr 12 14:45:12 UTC 2022
Paperstack,Tue Apr 12 14:37:18 UTC 2022
"Smiley Technologies, Inc.",Tue Apr 12 14:36:09 UTC 2022
Black Dragon Capital,Tue Apr 12 14:36:04 UTC 2022
United Solutions Company,Tue Apr 12 14:36:01 UTC 2022
The Penny Hoarder,Tue Apr 12 14:35:59 UTC 2022
The Depository Trust & Clearing Corporation (DTCC),Tue Apr 12 14:35:54 UTC 2022
St. Petersburg Area Economic Development Corporation,Tue Apr 12 14:35:50 UTC 2022
MacDonald Ventures,Tue Apr 12 14:35:47 UTC 2022
Encore Bank,Tue Apr 12 14:28:59 UTC 2022
Tampa Bay Wave,Mon Apr 11 19:23:26 UTC 2022
MX,Thu Mar 24 18:55:37 UTC 2022
Bread Financial,Thu Mar 24 03:02:25 UTC 2022
Tribal,Wed Mar 23 01:34:09 UTC 2022
zerohash,Tue Mar 22 19:15:58 UTC 2022
Operate Ventures,Thu Mar 17 16:34:49 UTC 2022
Alumni Founders,Wed Mar 16 18:07:03 UTC 2022
Alloy Labs,Thu Mar 03 21:14:16 UTC 2022
KyckGlobal,Wed Mar 02 18:59:31 UTC 2022
Orbit Fab,Thu Feb 24 02:04:01 UTC 2022
Miami Finance Forum,Wed Feb 23 03:10:36 UTC 2022
Newcon,Tue Feb 22 22:03:32 UTC 2022
Connecting the Dots in FinTech - LATAM,Mon Feb 21 16:11:30 UTC 2022
Techstars Boston Accelerator,Sat Feb 19 17:54:12 UTC 2022
Groundswell Startups,Mon Feb 14 16:43:55 UTC 2022
Novo,Sat Feb 12 18:58:23 UTC 2022
M-PESA Africa,Thu Feb 10 18:57:13 UTC 2022
Start-up Society,Thu Feb 10 18:56:22 UTC 2022
Expert Compliance Training                 by Bates Group,Wed Feb 09 01:08:28 UTC 2022
Square Root Marketing,Wed Feb 09 01:08:22 UTC 2022
Branch,Mon Jan 31 18:40:34 UTC 2022
Finnovating,Wed Jan 26 15:50:08 UTC 2022
Established,Mon Jan 24 22:34:00 UTC 2022
Embarc Collective,Mon Jan 24 22:33:57 UTC 2022
Routefusion,Sat Jan 22 22:10:41 UTC 2022
Arc,Sat Jan 22 17:37:30 UTC 2022
Hydrogen,Thu Jan 20 19:18:29 UTC 2022
Tiger Global,Thu Jan 20 18:15:24 UTC 2022
FintechForce,Wed Jan 19 22:59:49 UTC 2022
TabaPay,Wed Jan 19 19:42:25 UTC 2022
TET Events,Mon Jan 17 20:25:53 UTC 2022
Sunbit,Sat Jan 15 02:20:02 UTC 2022
Albert,Sat Jan 15 02:19:46 UTC 2022
This Week in Fintech,Fri Jan 14 19:02:57 UTC 2022
Zelle¬Æ,Thu Jan 13 19:00:50 UTC 2022
Early Warning¬Æ,Thu Jan 13 19:00:48 UTC 2022
Worldline Merchant Services,Wed Jan 12 15:34:23 UTC 2022
Meta,Tue Jan 04 00:19:05 UTC 2022
Nubank,Sun Dec 19 19:53:29 UTC 2021
Astra,Sun Dec 19 19:47:19 UTC 2021
Rapyd,Sat Dec 18 01:19:13 UTC 2021
NFX,Fri Dec 17 00:27:13 UTC 2021
Kiosk Prepaid,Thu Dec 16 21:13:48 UTC 2021
Startup of the Year¬Æ,Thu Dec 16 19:56:42 UTC 2021
Telef√≥nica,Thu Dec 16 19:16:15 UTC 2021
Wayra,Thu Dec 16 19:16:11 UTC 2021
Meta Payments,Mon Dec 13 16:04:49 UTC 2021
The Fintech Marketing Hub CIC,Sun Dec 12 02:20:23 UTC 2021
LemFi,Thu Dec 09 19:22:27 UTC 2021
Preventor,Thu Dec 09 16:19:57 UTC 2021
F√©lix,Wed Dec 08 21:03:57 UTC 2021
AIN Ventures,Wed Dec 08 20:42:39 UTC 2021
Tech Funding News,Wed Dec 08 18:47:27 UTC 2021
4Told FinTech,Tue Dec 07 22:15:12 UTC 2021
Fondeadora,Tue Dec 07 20:49:30 UTC 2021
Fintech Cafe,Tue Dec 07 03:07:24 UTC 2021
Maquia Capital,Mon Dec 06 19:53:47 UTC 2021
PSP Lab,Sun Dec 05 22:28:53 UTC 2021
Clocktower Ventures,Sun Dec 05 22:25:41 UTC 2021
Visa Direct,Wed Dec 01 03:16:15 UTC 2021
SnowX,Mon Nov 29 00:48:51 UTC 2021
Venture Hive,Wed Nov 24 16:40:16 UTC 2021
IFC - International Finance Corporation,Tue Nov 23 21:12:27 UTC 2021
Flairr Labs,Tue Nov 23 19:58:24 UTC 2021
Destinus,Tue Nov 23 17:17:44 UTC 2021
Africa Fintech Network,Fri Nov 19 19:42:52 UTC 2021
Fintech News Africa - part of Fintech News Network,Fri Nov 19 19:42:47 UTC 2021
Africa Fintech Summit,Fri Nov 19 19:42:38 UTC 2021
Mbanq Labs,Fri Nov 19 00:08:11 UTC 2021
Fintech Nexus,Thu Nov 18 19:26:00 UTC 2021
Current,Tue Nov 16 04:53:12 UTC 2021
Stash,Tue Nov 16 04:53:08 UTC 2021
Chime,Tue Nov 16 04:53:07 UTC 2021
Jeeves,Thu Nov 11 01:32:33 UTC 2021
Blue Ridge Bank,Wed Nov 10 23:05:47 UTC 2021
TurboSquid by Shutterstock,Tue Nov 09 14:04:45 UTC 2021
ODF,Mon Nov 08 17:14:58 UTC 2021
Global Wales,Wed Nov 03 18:40:31 UTC 2021
BankTech Ventures,Wed Nov 03 18:40:21 UTC 2021
Cheese Financial Inc,Fri Oct 29 22:51:02 UTC 2021
CIC Miami,Thu Oct 28 22:59:41 UTC 2021
Stearns Bank N.A.,Thu Oct 28 18:08:13 UTC 2021
Pareto Holdings,Tue Oct 26 17:24:50 UTC 2021
Rokk3r,Fri Oct 22 15:03:18 UTC 2021
Alliance Data,Fri Oct 22 15:00:46 UTC 2021
Juicyway,Thu Oct 14 20:27:19 UTC 2021
Barclays,Wed Oct 06 13:36:34 UTC 2021
RISE GROUP,Wed Oct 06 13:36:32 UTC 2021
Barclays Innovation Hub powered by Eagle Labs,Wed Oct 06 13:36:27 UTC 2021
"Payall Payment Systems, Inc.",Sun Oct 03 19:43:24 UTC 2021
Bread,Sat Oct 02 21:24:06 UTC 2021
Amazon Web Services (AWS),Wed Nov 12 05:18:22 UTC 2025
Nupeye,Mon Sep 27 15:07:21 UTC 2021
OjaExpress,Fri Sep 24 15:06:20 UTC 2021
BIP Ventures,Thu Sep 16 17:51:31 UTC 2021
Armyn Capital,Thu Sep 16 15:23:48 UTC 2021
One Way Ventures,Thu Sep 16 03:48:20 UTC 2021
Almond FinTech,Thu Sep 16 03:42:21 UTC 2021
Fuel Capital,Wed Sep 15 17:19:12 UTC 2021
Data Science Salon,Mon Sep 13 23:17:40 UTC 2021
Dropbox DocSend,Sat Aug 28 00:13:49 UTC 2021
MyCash Jamaica,Thu Aug 26 02:19:04 UTC 2021
"OKY Yes, T√∫ Puedes",Tue Aug 24 16:41:21 UTC 2021
Cap Table Coalition,Thu Aug 19 21:56:23 UTC 2021
"IPD Capital, LLC",Wed Aug 18 22:52:49 UTC 2021
Startup Stash,Mon Aug 16 20:17:12 UTC 2021
Seven Seven Six 7Ô∏è‚É£7Ô∏è‚É£6Ô∏è‚É£,Thu Aug 12 14:52:19 UTC 2021
Ecommpay,Tue Aug 10 21:47:14 UTC 2021
Alpaca VC,Mon Aug 09 15:51:11 UTC 2021
TheVentureCity,Sat Aug 07 05:18:53 UTC 2021
The Wharton School,Fri Jul 23 15:45:00 UTC 2021
Latam Fintech Hub,Thu Jul 22 15:34:19 UTC 2021
Air Force Special Operations Command,Wed Jul 14 19:25:29 UTC 2021
MeetFounders,Fri Jul 09 21:12:31 UTC 2021
Techstars Los Angeles,Fri Jul 09 18:40:34 UTC 2021
Federal Deposit Insurance Corporation (FDIC),Fri Jul 09 18:39:25 UTC 2021
Ardent Venture Partners,Fri Jul 09 17:19:04 UTC 2021
Fox Ventures,Wed Jul 07 14:53:08 UTC 2021
Moneybox,Tue Jul 06 22:55:53 UTC 2021
11:FS,Tue Jul 06 22:55:45 UTC 2021
Tink,Wed Jun 30 20:56:52 UTC 2021
FinLedger,Mon Jun 28 23:16:48 UTC 2021
Piermont Bank,Fri Jun 25 00:49:39 UTC 2021
Unit21,Fri Jun 25 00:41:46 UTC 2021
FACEKI,Thu Jun 24 18:12:28 UTC 2021
BiP,Thu Jun 24 16:51:00 UTC 2021
QED Investors,Wed Jun 16 18:39:52 UTC 2021
Cross River,Fri Jun 11 13:27:56 UTC 2021
FinTech Collective,Wed Jun 09 23:02:57 UTC 2021
Nium,Wed Jun 09 19:27:46 UTC 2021
Fintech Meetup,Wed Jun 09 18:30:07 UTC 2021
ACAMS,Wed Jun 09 17:08:36 UTC 2021
FinTech Global,Tue Jun 08 16:36:57 UTC 2021
MassChallenge,Tue Jun 08 16:31:09 UTC 2021
FINTOP,Tue Jun 08 16:26:51 UTC 2021
AFEX (rebranded to Corpay Cross-Border),Wed Jun 02 23:38:58 UTC 2021
Class 5 Global,Mon May 17 22:37:41 UTC 2021
Global Founders Capital,Mon May 17 22:37:27 UTC 2021
Propel Venture Partners,Thu May 13 18:46:39 UTC 2021
Launchpad Capital,Thu May 13 18:46:30 UTC 2021
Founders Fund,Mon May 03 18:17:06 UTC 2021
The Clearing House,Wed Apr 21 01:34:48 UTC 2021
General Catalyst,Tue Apr 20 15:39:49 UTC 2021
MetaBank,Sun Apr 18 22:19:54 UTC 2021
Evolve Bank & Trust,Sun Apr 18 22:19:54 UTC 2021
Sutton Bank,Sun Apr 18 22:19:50 UTC 2021
MVP.dev,Thu Apr 15 18:28:09 UTC 2021
Republic,Wed Apr 14 01:21:25 UTC 2021
SoftBank Group Corp.,Sun Apr 11 22:08:56 UTC 2021
SoftBank Investment Advisers,Sun Apr 11 22:07:59 UTC 2021
Bain Capital Ventures (BCV),Fri Apr 02 14:38:51 UTC 2021
First Round Capital,Fri Apr 02 14:38:48 UTC 2021
FinTech Innovation Lab,Fri Apr 02 14:38:41 UTC 2021
Sequoia Capital,Fri Apr 02 14:39:39 UTC 2021
Accel,Fri Apr 02 14:38:32 UTC 2021
Cartken,Fri Apr 02 14:01:53 UTC 2021
Small World Financial Services,Fri Mar 19 21:27:08 UTC 2021
B9,Sat Mar 13 21:14:45 UTC 2021
TEMABIT Software Development,Mon Feb 08 23:25:34 UTC 2021
Global PayTech Ventures,Tue Feb 02 22:02:31 UTC 2021
MIT Technology Review,Mon Feb 01 02:17:32 UTC 2021
ACHQ.com,Thu Nov 26 15:49:45 UTC 2020
Wharton Fintech,Mon Nov 23 01:06:26 UTC 2020
Forbes Technology Council,Wed Nov 18 20:12:36 UTC 2020
Sendwave (International Remittance),Mon Nov 16 21:57:27 UTC 2020
The RemTECH Awards,Mon Nov 16 16:19:30 UTC 2020
Unlimit,Fri Nov 13 03:47:05 UTC 2020
Moneycorp,Tue Nov 10 21:52:19 UTC 2020
FinTech Magazine,Fri Oct 16 19:03:05 UTC 2020
First Billing Services,Thu Oct 15 21:50:35 UTC 2020
CB Insights,Wed Oct 14 00:53:05 UTC 2020
The Reserve Trust Company,Mon Oct 12 00:40:23 UTC 2020
Financial Health Network,Mon Oct 12 00:37:59 UTC 2020
Botmaker,Tue Oct 06 01:17:13 UTC 2020
Money20/20,Thu Oct 01 21:59:39 UTC 2020
i-t.io,Wed Sep 30 21:49:59 UTC 2020
WEpayments,Wed Sep 30 18:53:58 UTC 2020
Harvard Business Review,Mon Nov 14 20:13:15 UTC 2022
Âè∞ÁßØÁîµ‰∏≠ÂõΩ,Wed Sep 30 05:15:28 UTC 2020
Boomtown Innovation,Wed Sep 16 04:26:26 UTC 2020
Firehawk,Tue Sep 15 03:37:51 UTC 2020
Innovate Orlando,Sun Sep 13 00:16:39 UTC 2020
New World Angels,Sun Sep 13 00:09:55 UTC 2020
Florida Funders,Sun Sep 13 00:09:52 UTC 2020
DeepWork Capital,Sun Sep 13 00:09:48 UTC 2020
SeedFundersOrlando,Sun Sep 13 00:09:14 UTC 2020
Adyen,Tue Sep 08 00:48:35 UTC 2020
FIS,Tue Sep 08 00:48:32 UTC 2020
Mastercard Center for Inclusive Growth,Tue Sep 08 00:48:29 UTC 2020
PCN,Tue Sep 08 00:48:24 UTC 2020
FinTech Futures,Tue Sep 08 00:48:06 UTC 2020
N26,Tue Sep 01 18:49:30 UTC 2020
Prove,Mon Aug 31 17:04:04 UTC 2020
BNY,Thu Aug 27 16:52:19 UTC 2020
Wallarm: API Security Leader,Thu Aug 27 02:41:19 UTC 2020
Bitcoin Depot,Sat Aug 15 02:02:11 UTC 2020
Lili,Wed Aug 12 15:28:36 UTC 2020
Sokin,Tue Aug 11 23:18:33 UTC 2020
FLEETCOR,Sat Aug 01 17:04:23 UTC 2020
CFSB,Fri Jul 31 21:53:10 UTC 2020
Digital Space Ventures,Wed Jul 29 18:03:05 UTC 2020
Gates Foundation,Mon Jul 20 17:30:18 UTC 2020
Mastercard Foundation,Mon Jul 20 17:30:13 UTC 2020
Juakali,Mon Jul 20 17:30:10 UTC 2020
AB Bank Zambia,Mon Jul 20 17:28:45 UTC 2020
RemitRadar,Sun Jul 19 20:50:32 UTC 2020
"CFTE - Centre for Finance, Technology and Entrepreneurship",Sun Jul 19 20:40:58 UTC 2020
Raisin,Fri Jul 17 19:16:07 UTC 2020
Payfone,Thu Jul 16 04:04:39 UTC 2020
Global Impact FinTech Forum (GIFT),Wed Jul 15 18:09:14 UTC 2020
IFC Am√©rica Latina y el Caribe,Mon Jun 22 15:35:10 UTC 2020
Flutterwave,Tue Jun 16 14:56:19 UTC 2020
LandingAI,Mon Jun 08 21:02:25 UTC 2020
The Financial Brand,Wed Jun 03 15:41:40 UTC 2020
Robinhood,Wed Jun 03 15:39:47 UTC 2020
Virgin Money,Wed May 27 18:04:34 UTC 2020
The Jamaica National Group,Wed May 27 16:42:13 UTC 2020
Sagicor Group Jamaica Limited,Wed May 27 16:42:12 UTC 2020
National Commercial Bank Jamaica Limited (NCB),Wed May 27 16:41:48 UTC 2020
SDK.finance,Sat May 23 01:01:29 UTC 2020
YBC USA | Young Business Club USA,Thu May 21 19:03:14 UTC 2020
NYC Fintech Women,Tue May 19 20:06:33 UTC 2020
Advapay,Tue May 12 22:24:59 UTC 2020
Armenian Card - Arca,Thu May 07 22:16:58 UTC 2020
Unibank OJSC,Thu May 07 22:02:16 UTC 2020
FinTech360 Pte Ltd,Thu May 07 17:43:15 UTC 2020
Fintech360,Thu May 07 17:40:31 UTC 2020
Courtside Ventures,Wed May 06 19:28:59 UTC 2020
Russian Standard Bank,Wed May 06 02:16:51 UTC 2020
TA Ventures,Fri Apr 24 14:11:55 UTC 2020
Chase Lawyers,Wed Apr 22 18:46:17 UTC 2020
Silicon Valley Bank,Mon Apr 06 03:05:21 UTC 2020
Bloomberg,Mon Apr 06 02:57:20 UTC 2020
Molinari Media,Mon Apr 06 02:56:41 UTC 2020
FinTech FinCrime Exchange,Mon Apr 06 02:55:56 UTC 2020
Martin Trust Center for MIT Entrepreneurship,Mon Apr 06 02:53:47 UTC 2020
MIT COVID-19 Challenge,Mon Apr 06 02:50:02 UTC 2020
Braintree,Mon Apr 06 02:39:43 UTC 2020
LinkedIn News,Tue Mar 31 17:32:36 UTC 2020
Mercantile Global Holdings,Tue Mar 24 19:53:43 UTC 2020
FINTRAIL,Mon Mar 16 17:44:38 UTC 2020
Fintechs Canada,Fri Mar 13 04:14:03 UTC 2020
IDB Lab,Sat Mar 07 19:33:10 UTC 2020
IDB Invest,Sat Mar 07 19:33:06 UTC 2020
The Venture Center,Fri Mar 06 02:00:26 UTC 2020
Belvo,Wed Mar 04 19:50:33 UTC 2020
San Francisco Business Times,Wed Mar 04 19:39:20 UTC 2020
PaymentsJournal,Wed Mar 04 19:37:45 UTC 2020
Ripple Ventures,Wed Mar 04 02:27:00 UTC 2020
Bloomberg News,Wed Mar 04 02:23:09 UTC 2020
Plaid,Wed Mar 04 02:21:36 UTC 2020
MIT Sloan FinTech,Tue Mar 03 21:09:01 UTC 2020
BuyLoad.ph,Sun Mar 01 20:01:54 UTC 2020
Buy Bitcoin in the Philippines,Sun Mar 01 20:01:53 UTC 2020
Coins.ph,Sun Mar 01 20:01:35 UTC 2020
Manos Accelerator,Sat Feb 29 22:40:07 UTC 2020
Ren Payments,Wed Feb 26 02:58:44 UTC 2020
FXC Intelligence,Wed Feb 26 02:45:38 UTC 2020
Radius,Thu Feb 20 01:05:29 UTC 2020
BitGo,Thu Feb 20 01:00:46 UTC 2020
Zopa Bank,Thu Feb 20 00:58:17 UTC 2020
Monese,Thu Feb 20 00:58:12 UTC 2020
Starling,Thu Feb 20 00:58:07 UTC 2020
Monzo Bank,Thu Feb 20 00:58:06 UTC 2020
WorldRemit,Thu Feb 20 00:57:55 UTC 2020
Revolut,Thu Feb 20 00:55:14 UTC 2020
Capital on Tap,Thu Feb 20 00:55:12 UTC 2020
Marqeta,Thu Feb 20 00:54:53 UTC 2020
Crypto.com,Thu Feb 13 22:25:54 UTC 2020
Crypton Studio,Wed Feb 12 03:18:32 UTC 2020
Varo Bank,Tue Feb 11 16:33:10 UTC 2020
CoinDesk,Tue Feb 11 16:28:10 UTC 2020
Galileo Financial Technologies,Fri Feb 07 06:41:11 UTC 2020
Chipper Cash,Fri Feb 07 06:40:15 UTC 2020
Veriff,Tue Jan 28 20:50:22 UTC 2020
Wirecash,Mon Jan 27 21:24:50 UTC 2020
Digicel MyCash,Wed Jan 15 19:31:31 UTC 2020
Bankable,Wed Jan 15 04:34:17 UTC 2020
Reloadly,Wed Jan 15 04:00:37 UTC 2020
HODL Wallet,Wed Jan 15 03:58:59 UTC 2020
Bitstop.co,Wed Jan 15 03:56:25 UTC 2020
Nova Technology,Wed Jan 15 03:55:53 UTC 2020
FMW Media Works Corp.,Wed Jan 15 03:53:46 UTC 2020
Inspiralia USA,Tue Jan 14 00:41:42 UTC 2020
Fin.do,Wed Dec 25 02:32:36 UTC 2019
Prepay Nation,Wed Dec 25 02:27:50 UTC 2019
Initialized Capital,Fri Dec 20 00:02:47 UTC 2019
De La Rue,Wed Dec 18 00:20:09 UTC 2019
Onfido,Tue Dec 17 01:53:38 UTC 2019
Jumio Corporation,Tue Dec 17 01:53:21 UTC 2019
Authenticid Solutions India Pvt. Ltd.,Tue Dec 17 00:47:13 UTC 2019
"AuthenticID, An Incode Company",Tue Dec 17 00:47:05 UTC 2019
Informa Connect,Wed Dec 04 03:38:50 UTC 2019
ebpSource Limited,Tue Nov 26 19:51:34 UTC 2019
iLab Startup Foundation,Mon Nov 25 20:41:55 UTC 2019
India FinTech Forum,Fri Nov 15 20:38:13 UTC 2019
PYMNTS,Fri Nov 15 15:34:01 UTC 2019
Finance Magnates,Fri Nov 15 04:01:09 UTC 2019
BlockchainCenter.com,Thu Nov 14 20:16:24 UTC 2019
Inficare Pvt. Ltd,Thu Nov 14 20:12:35 UTC 2019
DOCOMO Digital,Thu Nov 14 20:03:51 UTC 2019
Arrival,Sun Nov 10 23:10:37 UTC 2019
Certegy Ezi-Pay,Sat Nov 09 00:39:45 UTC 2019
Certegy Payment Solutions,Sat Nov 09 00:39:42 UTC 2019
Certegy Payment Solutions,Thu Aug 07 11:50:47 UTC 2025
Currencycloud,Fri Nov 08 21:36:10 UTC 2019