Login Date,IP Address,User Agent,Login Type
Sat Mar 02 20:50:48 UTC 2024,2607:fb91:1868:923d:78e3:db70:9af1:c63,"Mozilla/5.0 (iPhone; CPU iPhone OS 17_3_1 like Mac OS X) AppleWebKit/605.1.15 (KHTML, like Gecko) Mobile/15E148",Login
Sat Mar 16 01:09:01 UTC 2024,2607:fb90:9f0f:842e:40a1:4c67:992a:3d7a,"Mozilla/5.0 (Macintosh; Intel Mac OS X 10_15_7) AppleWebKit/537.36 (KHTML, like Gecko) Chrome/122.0.0.0 Safari/537.36",Login
Sat Mar 16 01:10:23 UTC 2024,2607:fb90:9f0f:842e:40a1:4c67:992a:3d7a,"Mozilla/5.0 (Macintosh; Intel Mac OS X 10_15_7) AppleWebKit/537.36 (KHTML, like Gecko) Chrome/122.0.0.0 Safari/537.36",Login
Thu Mar 21 06:22:52 UTC 2024,2601:647:6880:59a5:19ea:2590:d83:9a89,"Mozilla/5.0 (Macintosh; Intel Mac OS X 10_15_7) AppleWebKit/537.36 (KHTML, like Gecko) Chrome/122.0.0.0 Safari/537.36",Login
Sat Mar 23 01:27:12 UTC 2024,68.65.175.5,"Mozilla/5.0 (iPhone; CPU iPhone OS 17_3_1 like Mac OS X) AppleWebKit/605.1.15 (KHTML, like Gecko) Version/17.3.1 Mobile/15E148 Safari/604.1",Login
Mon Mar 25 01:02:42 UTC 2024,50.208.55.229,"Mozilla/5.0 (Macintosh; Intel Mac OS X 10_15_7) AppleWebKit/537.36 (KHTML, like Gecko) Chrome/123.0.0.0 Safari/537.36",Login
Thu Mar 28 02:50:12 UTC 2024,24.104.67.134,"Mozilla/5.0 (Macintosh; Intel Mac OS X 10_15_7) AppleWebKit/537.36 (KHTML, like Gecko) Chrome/123.0.0.0 Safari/537.36",Login
Wed Apr 10 16:10:24 UTC 2024,184.74.207.12,"Mozilla/5.0 (Macintosh; Intel Mac OS X 10_15_7) AppleWebKit/537.36 (KHTML, like Gecko) Chrome/123.0.0.0 Safari/537.36",Login
Thu Apr 11 19:17:35 UTC 2024,2a09:bac3:a626:197d:0:0:28a:2f,"Mozilla/5.0 (iPhone; CPU iPhone OS 17_4_1 like Mac OS X) AppleWebKit/605.1.15 (KHTML, like Gecko) Version/17.4.1 Mobile/15E148 Safari/604.1",Login
Thu Apr 11 19:17:36 UTC 2024,2a09:bac3:a626:197d:0:0:28a:2f,"Mozilla/5.0 (iPhone; CPU iPhone OS 17_4_1 like Mac OS X) AppleWebKit/605.1.15 (KHTML, like Gecko) Version/17.4.1 Mobile/15E148 Safari/604.1",Login
Sun May 12 22:46:59 UTC 2024,73.223.154.169,"Mozilla/5.0 (Macintosh; Intel Mac OS X 10_15_7) AppleWebKit/537.36 (KHTML, like Gecko) Chrome/124.0.0.0 Safari/537.36",Login
Mon May 13 05:35:14 UTC 2024,23.24.220.209,"Mozilla/5.0 (Macintosh; Intel Mac OS X 10_15_7) AppleWebKit/537.36 (KHTML, like Gecko) Chrome/124.0.0.0 Safari/537.36",Login
Mon May 13 05:35:44 UTC 2024,23.24.220.209,"Mozilla/5.0 (Macintosh; Intel Mac OS X 10_15_7) AppleWebKit/537.36 (KHTML, like Gecko) Chrome/124.0.0.0 Safari/537.36",Login
Tue May 14 19:32:17 UTC 2024,2a09:bac2:655e:1846:0:0:26b:49,"Mozilla/5.0 (iPhone; CPU iPhone OS 17_4_1 like Mac OS X) AppleWebKit/605.1.15 (KHTML, like Gecko) Version/17.4.1 Mobile/15E148 Safari/604.1",Login
Mon May 27 05:28:29 UTC 2024,2607:fb90:9e60:123b:b5b8:5bce:e4bb:299,"Mozilla/5.0 (Macintosh; Intel Mac OS X 10_15_7) AppleWebKit/537.36 (KHTML, like Gecko) Chrome/125.0.0.0 Safari/537.36",Login
Fri Jun 07 06:16:50 UTC 2024,208.56.42.0,"Mozilla/5.0 (Macintosh; Intel Mac OS X 10_15_7) AppleWebKit/537.36 (KHTML, like Gecko) Chrome/120.0.0.0 Safari/537.36",Login
Thu Jul 04 05:37:10 UTC 2024,2a09:bac2:8a8a:aa:0:0:11:17f,"Mozilla/5.0 (Macintosh; Intel Mac OS X 10_15_7) AppleWebKit/605.1.15 (KHTML, like Gecko) Version/17.5 Safari/605.1.15",Login
Sat Jul 06 07:27:13 UTC 2024,66.135.132.101,"Mozilla/5.0 (Macintosh; Intel Mac OS X 10_15_7) AppleWebKit/605.1.15 (KHTML, like Gecko) Version/17.5 Safari/605.1.15",Login
Mon Jul 22 21:05:06 UTC 2024,2603:3024:18c5:100:4583:b49a:de5:8946,"Mozilla/5.0 (iPhone; CPU iPhone OS 17_5_1 like Mac OS X) AppleWebKit/605.1.15 (KHTML, like Gecko) Version/17.5 Mobile/15E148 Safari/604.1",Login
Tue Jul 30 05:09:14 UTC 2024,66.135.132.101,"Mozilla/5.0 (Macintosh; Intel Mac OS X 10_15_7) AppleWebKit/605.1.15 (KHTML, like Gecko) Version/17.5 Safari/605.1.15",Login
Fri Aug 16 10:00:34 UTC 2024,2607:fb90:dd27:19e:6cd0:8251:e36d:d159,"Mozilla/5.0 (iPhone; CPU iPhone OS 17_5_1 like Mac OS X) AppleWebKit/605.1.15 (KHTML, like Gecko) Mobile/15E148 [LinkedInApp]/9.30.509",Login
Wed Aug 21 00:50:13 UTC 2024,216.250.198.65,LIAuthLibrary:44.0.* com.linkedin.LinkedIn:9.30.659 iPhone:17.5.1,Login
Sat Oct 12 20:25:33 UTC 2024,2607:fb91:799d:a430:bded:258:e1b5:ef0d,"Mozilla/5.0 (Macintosh; Intel Mac OS X 10_15_7) AppleWebKit/537.36 (KHTML, like Gecko) Chrome/129.0.0.0 Safari/537.36",Login
Thu Oct 24 23:25:12 UTC 2024,2603:3024:18c5:100:ed57:8893:1018:f23a,LIAuthLibrary:44.0.* com.linkedin.LinkedIn:9.30.2698 iPhone:18.1,Login
Tue Nov 12 19:28:34 UTC 2024,2603:3024:18c5:100:44cd:9726:1e6e:4d6b,"Mozilla/5.0 (iPhone; CPU iPhone OS 18_1 like Mac OS X) AppleWebKit/605.1.15 (KHTML, like Gecko) Version/18.1 Mobile/15E148 Safari/604.1",Login
Wed Nov 13 06:11:47 UTC 2024,2603:3024:18c5:100:f1cb:69f:97f:2cc8,"Mozilla/5.0 (Macintosh; Intel Mac OS X 10_15_7) AppleWebKit/537.36 (KHTML, like Gecko) Chrome/130.0.0.0 Safari/537.36",Login
Tue Jan 07 08:56:34 UTC 2025,2603:3024:18c5:100:8c8:1bfa:7320:1b4f,"Mozilla/5.0 (Macintosh; Intel Mac OS X 10_15_7) AppleWebKit/537.36 (KHTML, like Gecko) Chrome/131.0.0.0 Safari/537.36",Login
Wed Jan 15 06:11:48 UTC 2025,2603:3024:18c5:100:488:7ce0:3c19:2596,"Mozilla/5.0 (Macintosh; Intel Mac OS X 10_15_7) AppleWebKit/537.36 (KHTML, like Gecko) Chrome/131.0.0.0 Safari/537.36",Login
Wed Jan 15 06:27:20 UTC 2025,2603:3024:18c5:100:488:7ce0:3c19:2596,"Mozilla/5.0 (Macintosh; Intel Mac OS X 10_15_7) AppleWebKit/537.36 (KHTML, like Gecko) Chrome/131.0.0.0 Safari/537.36",Login
Wed Jan 15 06:47:02 UTC 2025,2603:3024:18c5:100:488:7ce0:3c19:2596,"Mozilla/5.0 (Macintosh; Intel Mac OS X 10_15_7) AppleWebKit/537.36 (KHTML, like Gecko) Chrome/131.0.0.0 Safari/537.36",Login
Wed Jan 15 07:57:50 UTC 2025,2603:3024:18c5:100:488:7ce0:3c19:2596,"Mozilla/5.0 (Macintosh; Intel Mac OS X 10_15_7) AppleWebKit/537.36 (KHTML, like Gecko) Chrome/131.0.0.0 Safari/537.36",Login
Thu Jan 16 00:16:10 UTC 2025,2603:3024:18c5:100:488:7ce0:3c19:2596,"Mozilla/5.0 (Macintosh; Intel Mac OS X 10_15_7) AppleWebKit/537.36 (KHTML, like Gecko) Chrome/131.0.0.0 Safari/537.36",Login
Fri Jan 17 23:32:06 UTC 2025,2603:3024:18c5:100:a0b5:d493:66be:4ad1,"Mozilla/5.0 (Macintosh; Intel Mac OS X 10_15_7) AppleWebKit/537.36 (KHTML, like Gecko) Chrome/131.0.0.0 Safari/537.36",Login
Mon Jan 20 23:34:19 UTC 2025,2603:3024:18c5:100:e0af:1f93:e85f:7c9a,"Mozilla/5.0 (Macintosh; Intel Mac OS X 10_15_7) AppleWebKit/537.36 (KHTML, like Gecko) Chrome/131.0.0.0 Safari/537.36",Login
Fri Jan 24 06:57:36 UTC 2025,2603:3024:18c5:100:d980:57c6:7dd7:165a,"Mozilla/5.0 (Macintosh; Intel Mac OS X 10_15_7) AppleWebKit/537.36 (KHTML, like Gecko) Chrome/131.0.0.0 Safari/537.36",Login
Fri Jan 24 22:34:49 UTC 2025,2603:3024:18c5:100:ac3b:6dae:ed88:7888,"Mozilla/5.0 (Macintosh; Intel Mac OS X 10_15_7) AppleWebKit/537.36 (KHTML, like Gecko) Chrome/131.0.0.0 Safari/537.36",Login
Mon Feb 03 06:41:16 UTC 2025,2603:3024:18c5:100:48aa:8015:4138:7948,"Mozilla/5.0 (Macintosh; Intel Mac OS X 10_15_7) AppleWebKit/537.36 (KHTML, like Gecko) Chrome/132.0.0.0 Safari/537.36",Login
Fri Feb 07 04:22:44 UTC 2025,172.210.134.196,"Mozilla/5.0 (X11; Linux x86_64) AppleWebKit/537.36 (KHTML, like Gecko) Chrome/130.0.0.0 Safari/537.36",Login
Sat Feb 15 08:28:13 UTC 2025,2603:3024:18c5:100:59a1:ccf9:ec37:a502,"Mozilla/5.0 (Macintosh; Intel Mac OS X 10_15_7) AppleWebKit/537.36 (KHTML, like Gecko) Chrome/133.0.0.0 Safari/537.36",Login
Sat Feb 15 10:33:18 UTC 2025,2603:3024:18c5:100:59a1:ccf9:ec37:a502,"Mozilla/5.0 (Macintosh; Intel Mac OS X 10_15_7) AppleWebKit/537.36 (KHTML, like Gecko) Chrome/133.0.0.0 Safari/537.36",Login
Sun Feb 16 07:50:33 UTC 2025,2607:fb90:dd98:81fd:9d48:2666:3008:8ec4,"Mozilla/5.0 (Macintosh; Intel Mac OS X 10_15_7) AppleWebKit/537.36 (KHTML, like Gecko) Chrome/133.0.0.0 Safari/537.36",Login
Tue Feb 18 04:04:16 UTC 2025,2607:fb90:9e37:46aa:2949:4fd7:c877:2a4d,"Mozilla/5.0 (Macintosh; Intel Mac OS X 10_15_7) AppleWebKit/537.36 (KHTML, like Gecko) Chrome/133.0.0.0 Safari/537.36",Login
Tue Feb 18 04:04:18 UTC 2025,2607:fb90:9e37:46aa:2949:4fd7:c877:2a4d,"Mozilla/5.0 (Macintosh; Intel Mac OS X 10_15_7) AppleWebKit/537.36 (KHTML, like Gecko) Chrome/133.0.0.0 Safari/537.36",Login
Tue Feb 25 05:02:19 UTC 2025,2603:3024:18c5:100:48e0:9060:4ace:2843,"Mozilla/5.0 (Macintosh; Intel Mac OS X 10_15_7) AppleWebKit/537.36 (KHTML, like Gecko) Chrome/133.0.0.0 Safari/537.36",Login
Wed Feb 26 06:07:25 UTC 2025,2603:3024:18c5:100:bd8e:b274:1719:366f,"Mozilla/5.0 (Macintosh; Intel Mac OS X 10_15_7) AppleWebKit/537.36 (KHTML, like Gecko) Chrome/133.0.0.0 Safari/537.36",Login
Fri Feb 28 03:45:42 UTC 2025,2607:f598:ba9a:45:f8f5:2af4:2f24:c37a,"Mozilla/5.0 (Macintosh; Intel Mac OS X 10_15_7) AppleWebKit/537.36 (KHTML, like Gecko) Chrome/133.0.0.0 Safari/537.36",Login
Wed Mar 12 01:32:27 UTC 2025,12.94.132.170,"Mozilla/5.0 (Macintosh; Intel Mac OS X 10_15_7) AppleWebKit/537.36 (KHTML, like Gecko) Chrome/133.0.0.0 Safari/537.36",Login
Thu Mar 27 19:37:49 UTC 2025,2603:3024:18c5:100:71f5:1e53:c2a3:9d31,"Mozilla/5.0 (Macintosh; Intel Mac OS X 10_15_7) AppleWebKit/537.36 (KHTML, like Gecko) Chrome/133.0.0.0 Safari/537.36",Login
Mon Mar 31 04:59:34 UTC 2025,2603:3024:18c5:100:997b:59de:31df:a1f2,"Mozilla/5.0 (Macintosh; Intel Mac OS X 10_15_7) AppleWebKit/537.36 (KHTML, like Gecko) Chrome/134.0.0.0 Safari/537.36",Login
Tue Apr 01 06:10:29 UTC 2025,2603:3024:18c5:100:7841:340:85bf:225e,"Mozilla/5.0 (Macintosh; Intel Mac OS X 10_15_7) AppleWebKit/537.36 (KHTML, like Gecko) Chrome/134.0.0.0 Safari/537.36",Login
Tue Apr 01 06:26:37 UTC 2025,2603:3024:18c5:100:7841:340:85bf:225e,"Mozilla/5.0 (Macintosh; Intel Mac OS X 10_15_7) AppleWebKit/537.36 (KHTML, like Gecko) Chrome/134.0.0.0 Safari/537.36",Login
Wed Apr 02 19:11:02 UTC 2025,2603:3024:18c5:100:978:5c87:2850:a8fe,"Mozilla/5.0 (Macintosh; Intel Mac OS X 10_15_7) AppleWebKit/537.36 (KHTML, like Gecko) Chrome/134.0.0.0 Safari/537.36",Login
Thu Apr 03 23:51:01 UTC 2025,2603:3024:18c5:100:c0e1:8d21:fa12:60b0,"Mozilla/5.0 (Macintosh; Intel Mac OS X 10_15_7) AppleWebKit/537.36 (KHTML, like Gecko) Chrome/134.0.0.0 Safari/537.36",Login
Sat Apr 05 05:52:57 UTC 2025,47.44.253.170,"Mozilla/5.0 (Macintosh; Intel Mac OS X 10_15_7) AppleWebKit/537.36 (KHTML, like Gecko) Chrome/135.0.0.0 Safari/537.36",Login
Sun Apr 06 04:27:52 UTC 2025,2603:3024:18c5:100:e92d:dd4a:c567:695d,"Mozilla/5.0 (iPhone; CPU iPhone OS 18_3_2 like Mac OS X) AppleWebKit/605.1.15 (KHTML, like Gecko) Version/18.3.1 Mobile/15E148 Safari/604.1",Login
Sun Apr 06 18:28:43 UTC 2025,2603:3024:18c5:100:e883:ddfe:e60e:71e6,"Mozilla/5.0 (Macintosh; Intel Mac OS X 10_15_7) AppleWebKit/537.36 (KHTML, like Gecko) Chrome/135.0.0.0 Safari/537.36",Login
Wed Apr 09 05:17:23 UTC 2025,104.28.124.178,"Mozilla/5.0 (iPhone; CPU iPhone OS 18_3_2 like Mac OS X) AppleWebKit/605.1.15 (KHTML, like Gecko) Version/18.3.1 Mobile/15E148 Safari/604.1",Login
Thu Apr 10 18:09:55 UTC 2025,68.65.175.47,"Mozilla/5.0 (Macintosh; Intel Mac OS X 10_15_7) AppleWebKit/537.36 (KHTML, like Gecko) Chrome/135.0.0.0 Safari/537.36",Login
Mon Apr 14 04:05:43 UTC 2025,2603:3024:18c5:100:3c74:e3c3:b0bd:b4c4,"Mozilla/5.0 (Macintosh; Intel Mac OS X 10_15_7) AppleWebKit/537.36 (KHTML, like Gecko) Chrome/135.0.0.0 Safari/537.36",Login
Tue Apr 15 05:41:31 UTC 2025,2603:3024:18c5:100:5158:5ddc:fe87:9807,"Mozilla/5.0 (Macintosh; Intel Mac OS X 10_15_7) AppleWebKit/537.36 (KHTML, like Gecko) Chrome/135.0.0.0 Safari/537.36",Login
Tue Apr 15 05:49:38 UTC 2025,2603:3024:18c5:100:5158:5ddc:fe87:9807,"Mozilla/5.0 (Macintosh; Intel Mac OS X 10_15_7) AppleWebKit/537.36 (KHTML, like Gecko) Chrome/135.0.0.0 Safari/537.36",Login
Tue Apr 15 19:35:05 UTC 2025,2603:3024:18c5:100:69a1:319e:bf19:e0c5,"Mozilla/5.0 (iPhone; CPU iPhone OS 18_3_2 like Mac OS X) AppleWebKit/605.1.15 (KHTML, like Gecko) Version/18.3.1 Mobile/15E148 Safari/604.1",Login
Tue Apr 15 19:35:06 UTC 2025,2603:3024:18c5:100:69a1:319e:bf19:e0c5,"Mozilla/5.0 (iPhone; CPU iPhone OS 18_3_2 like Mac OS X) AppleWebKit/605.1.15 (KHTML, like Gecko) Version/18.3.1 Mobile/15E148 Safari/604.1",Login
Wed Apr 16 17:41:11 UTC 2025,2603:3024:18c5:100:2d6e:7f9:d64c:db68,"Mozilla/5.0 (Macintosh; Intel Mac OS X 10_15_7) AppleWebKit/537.36 (KHTML, like Gecko) Chrome/135.0.0.0 Safari/537.36",Login
Thu Apr 17 04:45:38 UTC 2025,2a09:bac2:6559:1232:0:0:1d0:7e,"Mozilla/5.0 (iPhone; CPU iPhone OS 18_3_2 like Mac OS X) AppleWebKit/605.1.15 (KHTML, like Gecko) Version/18.3.1 Mobile/15E148 Safari/604.1",Login
Thu Apr 17 04:45:39 UTC 2025,2a09:bac2:6559:1232:0:0:1d0:7e,"Mozilla/5.0 (iPhone; CPU iPhone OS 18_3_2 like Mac OS X) AppleWebKit/605.1.15 (KHTML, like Gecko) Version/18.3.1 Mobile/15E148 Safari/604.1",Login
Sat Apr 19 11:00:54 UTC 2025,2603:3024:18c5:100:5826:a276:abe2:e858,"Mozilla/5.0 (Macintosh; Intel Mac OS X 10_15_7) AppleWebKit/537.36 (KHTML, like Gecko) Chrome/135.0.0.0 Safari/537.36",Login
Tue Apr 22 00:40:51 UTC 2025,2603:3024:18c5:100:91ed:77b0:e97f:8fcd,"Mozilla/5.0 (Macintosh; Intel Mac OS X 10_15_7) AppleWebKit/537.36 (KHTML, like Gecko) Chrome/135.0.0.0 Safari/537.36",Login
Wed Apr 23 01:10:51 UTC 2025,2603:3024:18c5:100:bd07:63c2:1f4c:f130,"Mozilla/5.0 (Macintosh; Intel Mac OS X 10_15_7) AppleWebKit/537.36 (KHTML, like Gecko) Chrome/135.0.0.0 Safari/537.36",Login
Wed Apr 23 02:10:33 UTC 2025,66.135.132.101,"Mozilla/5.0 (Macintosh; Intel Mac OS X 10_15_7) AppleWebKit/605.1.15 (KHTML, like Gecko) Version/17.6 Safari/605.1.15",Login
Thu Apr 24 06:38:26 UTC 2025,2603:3024:18c5:100:6174:201c:c52f:c270,"Mozilla/5.0 (iPhone; CPU iPhone OS 18_3_2 like Mac OS X) AppleWebKit/605.1.15 (KHTML, like Gecko) Version/18.3.1 Mobile/15E148 Safari/604.1",Login
Thu Apr 24 16:44:10 UTC 2025,209.129.91.3,"Mozilla/5.0 (Macintosh; Intel Mac OS X 10_15_7) AppleWebKit/537.36 (KHTML, like Gecko) Chrome/135.0.0.0 Safari/537.36",Login
Sat Apr 26 20:50:42 UTC 2025,2603:3024:18c5:100:b412:b00a:cea2:2328,"Mozilla/5.0 (Macintosh; Intel Mac OS X 10_15_7) AppleWebKit/537.36 (KHTML, like Gecko) Chrome/135.0.0.0 Safari/537.36",Login
Tue Apr 29 09:04:00 UTC 2025,2603:3024:18c5:100:b59d:6459:6d5f:91cb,"Mozilla/5.0 (Macintosh; Intel Mac OS X 10_15_7) AppleWebKit/537.36 (KHTML, like Gecko) Chrome/135.0.0.0 Safari/537.36",Login
Wed Apr 30 19:51:22 UTC 2025,2a09:bac2:655c:123c:0:0:1d1:9e,"Mozilla/5.0 (iPhone; CPU iPhone OS 18_4_1 like Mac OS X) AppleWebKit/605.1.15 (KHTML, like Gecko) Version/18.4 Mobile/15E148 Safari/604.1",Login
Wed Apr 30 19:51:22 UTC 2025,2a09:bac2:655c:123c:0:0:1d1:9e,"Mozilla/5.0 (iPhone; CPU iPhone OS 18_4_1 like Mac OS X) AppleWebKit/605.1.15 (KHTML, like Gecko) Version/18.4 Mobile/15E148 Safari/604.1",Login
Tue May 06 19:20:12 UTC 2025,2a04:4e41:6401:2614:0:0:710f:e614,"Mozilla/5.0 (iPhone; CPU iPhone OS 18_4_1 like Mac OS X) AppleWebKit/605.1.15 (KHTML, like Gecko) Version/18.4 Mobile/15E148 Safari/604.1",Login
Tue May 06 19:20:12 UTC 2025,2a04:4e41:6401:2614:0:0:710f:e614,"Mozilla/5.0 (iPhone; CPU iPhone OS 18_4_1 like Mac OS X) AppleWebKit/605.1.15 (KHTML, like Gecko) Version/18.4 Mobile/15E148 Safari/604.1",Login
Tue May 06 19:20:14 UTC 2025,2a04:4e41:6401:2614:0:0:710f:e614,"Mozilla/5.0 (iPhone; CPU iPhone OS 18_4_1 like Mac OS X) AppleWebKit/605.1.15 (KHTML, like Gecko) Version/18.4 Mobile/15E148 Safari/604.1",Login
Tue May 06 21:28:23 UTC 2025,2607:fb90:9e90:320:c9cb:e5f1:336:9f14,"Mozilla/5.0 (iPhone; CPU iPhone OS 18_4_1 like Mac OS X) AppleWebKit/605.1.15 (KHTML, like Gecko) Mobile/15E148",Login
Thu May 15 22:01:21 UTC 2025,104.7.15.221,"Mozilla/5.0 (Macintosh; Intel Mac OS X 10_15_7) AppleWebKit/537.36 (KHTML, like Gecko) Chrome/136.0.0.0 Safari/537.36",Login
Sat May 17 00:23:48 UTC 2025,2603:3024:18c5:100:c847:7dac:31cf:5c16,"Mozilla/5.0 (iPhone; CPU iPhone OS 18_4_1 like Mac OS X) AppleWebKit/605.1.15 (KHTML, like Gecko) Version/18.4 Mobile/15E148 Safari/604.1",Login
Sat May 17 00:23:49 UTC 2025,2603:3024:18c5:100:c847:7dac:31cf:5c16,"Mozilla/5.0 (iPhone; CPU iPhone OS 18_4_1 like Mac OS X) AppleWebKit/605.1.15 (KHTML, like Gecko) Version/18.4 Mobile/15E148 Safari/604.1",Login
Sat May 17 00:41:54 UTC 2025,2603:3024:18c5:100:c137:eb5c:a313:eb18,"Mozilla/5.0 (Macintosh; Intel Mac OS X 10_15_7) AppleWebKit/537.36 (KHTML, like Gecko) Chrome/136.0.0.0 Safari/537.36",Login
Sun May 18 01:07:48 UTC 2025,2603:3024:18c5:100:3c59:e0cd:a1ff:4297,"Mozilla/5.0 (Macintosh; Intel Mac OS X 10_15_7) AppleWebKit/537.36 (KHTML, like Gecko) Chrome/136.0.0.0 Safari/537.36",Login
Thu May 29 07:55:07 UTC 2025,2603:3024:18c5:100:25d2:3569:e738:3b84,"Mozilla/5.0 (Macintosh; Intel Mac OS X 10_15_7) AppleWebKit/537.36 (KHTML, like Gecko) Chrome/136.0.0.0 Safari/537.36",Login
Thu Jun 12 06:56:44 UTC 2025,2603:3024:18c5:100:5dc2:22f3:7e81:a7d4,"Mozilla/5.0 (Macintosh; Intel Mac OS X 10_15_7) AppleWebKit/537.36 (KHTML, like Gecko) Chrome/137.0.0.0 Safari/537.36",Login
Thu Jul 03 01:03:44 UTC 2025,209.66.113.234,"Mozilla/5.0 (Macintosh; Intel Mac OS X 10_15_7) AppleWebKit/537.36 (KHTML, like Gecko) Chrome/137.0.0.0 Safari/537.36",Login
Sat Jul 05 22:34:11 UTC 2025,2603:3024:18c5:100:d07f:f7b0:9642:a991,"Mozilla/5.0 (iPhone; CPU iPhone OS 18_5 like Mac OS X) AppleWebKit/605.1.15 (KHTML, like Gecko) Mobile/22F76 [FBAN/FBIOS;FBAV/518.0.0.52.100;FBBV/750192798;FBDV/iPhone16,2;FBMD/iPhone;FBSN/iOS;FBSV/18.5;FBSS/3;FBID/phone;FBLC/en_US;FBOP/5;FBRV/754560942;IABMV/1]",Login
Sun Jul 06 20:45:46 UTC 2025,2603:3024:18c5:100:ed08:3c25:ec4f:7cb6,"Mozilla/5.0 (Macintosh; Intel Mac OS X 10_15_7) AppleWebKit/537.36 (KHTML, like Gecko) Chrome/137.0.0.0 Safari/537.36",Login
Wed Jul 09 20:18:39 UTC 2025,2603:3024:18c5:100:6550:9258:45f8:858d,"Mozilla/5.0 (Macintosh; Intel Mac OS X 10_15_7) AppleWebKit/537.36 (KHTML, like Gecko) Chrome/138.0.0.0 Safari/537.36",Login
Wed Jul 09 20:21:40 UTC 2025,69.181.22.238,"Mozilla/5.0 (Macintosh; Intel Mac OS X 10_15_7) AppleWebKit/537.36 (KHTML, like Gecko) Chrome/138.0.0.0 Safari/537.36",Login
Wed Jul 09 20:31:34 UTC 2025,2603:3024:18c5:100:6550:9258:45f8:858d,"Mozilla/5.0 (Macintosh; Intel Mac OS X 10_15_7) AppleWebKit/537.36 (KHTML, like Gecko) Chrome/138.0.0.0 Safari/537.36",Login
Wed Jul 09 20:42:02 UTC 2025,69.181.22.238,"Mozilla/5.0 (Macintosh; Intel Mac OS X 10_15_7) AppleWebKit/537.36 (KHTML, like Gecko) Chrome/138.0.0.0 Safari/537.36",Login
Thu Jul 10 22:50:46 UTC 2025,2607:fb90:9e0c:8909:dc80:79a7:91f9:5195,LIAuthLibrary:44.0.* com.linkedin.LinkedIn:9.31.2856 iPhone:18.5,Login
Fri Jul 11 02:57:38 UTC 2025,2603:3024:18c5:100:f40d:d0b7:7f48:3ec1,"Mozilla/5.0 (Macintosh; Intel Mac OS X 10_15_7) AppleWebKit/537.36 (KHTML, like Gecko) Chrome/137.0.0.0 Safari/537.36",Login
Sat Jul 12 20:56:01 UTC 2025,2a09:bac3:6558:1232:0:0:1d0:e1,"Mozilla/5.0 (iPhone; CPU iPhone OS 18_5 like Mac OS X) AppleWebKit/605.1.15 (KHTML, like Gecko) Version/18.5 Mobile/15E148 Safari/604.1",Login
Sun Jul 13 07:08:25 UTC 2025,2603:3024:18c5:100:7c05:a1ab:9593:c736,"Mozilla/5.0 (Macintosh; Intel Mac OS X 10_15_7) AppleWebKit/537.36 (KHTML, like Gecko) Chrome/138.0.0.0 Safari/537.36",Login
Sun Jul 13 07:37:31 UTC 2025,2603:3024:18c5:100:7c05:a1ab:9593:c736,"Mozilla/5.0 (Macintosh; Intel Mac OS X 10_15_7) AppleWebKit/537.36 (KHTML, like Gecko) Chrome/138.0.0.0 Safari/537.36",Login
Sun Jul 13 07:39:44 UTC 2025,2603:3024:18c5:100:7c05:a1ab:9593:c736,"Mozilla/5.0 (Macintosh; Intel Mac OS X 10_15_7) AppleWebKit/537.36 (KHTML, like Gecko) Chrome/138.0.0.0 Safari/537.36",Login
Sun Jul 13 08:07:04 UTC 2025,2603:3024:18c5:100:7c05:a1ab:9593:c736,"Mozilla/5.0 (Macintosh; Intel Mac OS X 10_15_7) AppleWebKit/537.36 (KHTML, like Gecko) Chrome/138.0.0.0 Safari/537.36",Login
Sun Jul 13 08:53:00 UTC 2025,2603:3024:18c5:100:a971:c2c6:e126:318,"Mozilla/5.0 (Macintosh; Intel Mac OS X 10_15_7) AppleWebKit/537.36 (KHTML, like Gecko) Chrome/120.0.0.0 Safari/537.36",Login
Sun Jul 13 09:25:10 UTC 2025,2603:3024:18c5:100:a971:c2c6:e126:318,"Mozilla/5.0 (Macintosh; Intel Mac OS X 10_15_7) AppleWebKit/537.36 (KHTML, like Gecko) Chrome/120.0.0.0 Safari/537.36",Login
Sun Jul 13 09:30:27 UTC 2025,69.181.22.238,"Mozilla/5.0 (Macintosh; Intel Mac OS X 10_15_7) AppleWebKit/537.36 (KHTML, like Gecko) Chrome/120.0.0.0 Safari/537.36",Login
Sun Jul 13 09:35:56 UTC 2025,2603:3024:18c5:100:a971:c2c6:e126:318,"Mozilla/5.0 (Macintosh; Intel Mac OS X 10_15_7) AppleWebKit/537.36 (KHTML, like Gecko) Chrome/120.0.0.0 Safari/537.36",Login
Mon Jul 14 18:37:30 UTC 2025,2603:3024:18c5:100:295b:8c87:3665:aac9,"Mozilla/5.0 (Macintosh; Intel Mac OS X 10_15_7) AppleWebKit/605.1.15 (KHTML, like Gecko) Version/17.6 Safari/605.1.15",Login
Thu Jul 31 20:34:56 UTC 2025,2a09:bac3:655d:123c:0:0:1d1:e8,"Mozilla/5.0 (iPhone; CPU iPhone OS 18_5 like Mac OS X) AppleWebKit/605.1.15 (KHTML, like Gecko) Version/18.5 Mobile/15E148 Safari/604.1",Login
Wed Aug 06 22:52:13 UTC 2025,2607:fb91:444:249:b853:3707:2c0a:6de4,"Mozilla/5.0 (Macintosh; Intel Mac OS X 10_15_7) AppleWebKit/537.36 (KHTML, like Gecko) Chrome/138.0.0.0 Safari/537.36",Login
Wed Aug 06 23:17:01 UTC 2025,2607:fb91:444:249:b853:3707:2c0a:6de4,"Mozilla/5.0 (Macintosh; Intel Mac OS X 10_15_7) AppleWebKit/537.36 (KHTML, like Gecko) Chrome/138.0.0.0 Safari/537.36",Login
Mon Aug 11 05:11:08 UTC 2025,2603:3024:18c5:100:21b3:861d:b361:70a4,"Mozilla/5.0 (Macintosh; Intel Mac OS X 10_15_7) AppleWebKit/537.36 (KHTML, like Gecko) Chrome/130.0.0.0 Safari/537.36",Login
Mon Aug 11 05:11:10 UTC 2025,2603:3024:18c5:100:21b3:861d:b361:70a4,"Mozilla/5.0 (Macintosh; Intel Mac OS X 10_15_7) AppleWebKit/537.36 (KHTML, like Gecko) Chrome/130.0.0.0 Safari/537.36",Login
Mon Aug 11 05:11:11 UTC 2025,2603:3024:18c5:100:21b3:861d:b361:70a4,"Mozilla/5.0 (Macintosh; Intel Mac OS X 10_15_7) AppleWebKit/537.36 (KHTML, like Gecko) Chrome/130.0.0.0 Safari/537.36",Login
Mon Aug 11 05:11:12 UTC 2025,2603:3024:18c5:100:21b3:861d:b361:70a4,"Mozilla/5.0 (Macintosh; Intel Mac OS X 10_15_7) AppleWebKit/537.36 (KHTML, like Gecko) Chrome/130.0.0.0 Safari/537.36",Login
Mon Aug 11 05:11:12 UTC 2025,2603:3024:18c5:100:21b3:861d:b361:70a4,"Mozilla/5.0 (Macintosh; Intel Mac OS X 10_15_7) AppleWebKit/537.36 (KHTML, like Gecko) Chrome/130.0.0.0 Safari/537.36",Login
Mon Aug 11 05:11:12 UTC 2025,2603:3024:18c5:100:21b3:861d:b361:70a4,"Mozilla/5.0 (Macintosh; Intel Mac OS X 10_15_7) AppleWebKit/537.36 (KHTML, like Gecko) Chrome/130.0.0.0 Safari/537.36",Login
Tue Sep 02 07:02:34 UTC 2025,34.53.117.66,"Mozilla/5.0 (X11; Linux x86_64) AppleWebKit/537.36 (KHTML, like Gecko) Chrome/139.0.0.0 Safari/537.36",Login
Tue Sep 02 07:10:54 UTC 2025,34.53.106.65,"Mozilla/5.0 (X11; Linux x86_64) AppleWebKit/537.36 (KHTML, like Gecko) Chrome/139.0.0.0 Safari/537.36",Login
Wed Sep 17 04:40:16 UTC 2025,2603:3024:18c5:100:8da1:5da7:b26b:d8c6,"Mozilla/5.0 (iPhone; CPU iPhone OS 18_6 like Mac OS X) AppleWebKit/605.1.15 (KHTML, like Gecko) Mobile/15E148 [LinkedInApp]/9.31.4995",Login
Wed Sep 17 04:40:28 UTC 2025,2603:3024:18c5:100:8da1:5da7:b26b:d8c6,LIAuthLibrary:44.0.* com.linkedin.LinkedIn:9.31.4995 iPhone:26.0,Login
Wed Sep 17 04:40:29 UTC 2025,2603:3024:18c5:100:8da1:5da7:b26b:d8c6,LIAuthLibrary:44.0.* com.linkedin.LinkedIn:9.31.4995 iPhone:26.0,Login
Wed Sep 17 04:40:38 UTC 2025,2603:3024:18c5:100:8da1:5da7:b26b:d8c6,LIAuthLibrary:44.0.* com.linkedin.LinkedIn:9.31.4995 iPhone:26.0,Login
Thu Oct 09 22:01:49 UTC 2025,2603:3024:18c5:100:5db:78ef:402b:1f76,"Mozilla/5.0 (Macintosh; Intel Mac OS X 10_15_7) AppleWebKit/537.36 (KHTML, like Gecko) Chrome/140.0.0.0 Safari/537.36",Login
Fri Oct 10 03:08:45 UTC 2025,2603:3024:18c5:100:5db:78ef:402b:1f76,"Mozilla/5.0 (Macintosh; Intel Mac OS X 10_15_7) AppleWebKit/537.36 (KHTML, like Gecko) Chrome/140.0.0.0 Safari/537.36",Login
Sat Oct 25 06:04:02 UTC 2025,2607:fb90:9e0f:c8d3:b152:e308:4e14:7477,LIAuthLibrary:44.0.* com.linkedin.LinkedIn:9.31.6049 iPhone:26.0.1,Login
Sat Oct 25 07:22:07 UTC 2025,2603:3024:18c5:100:3001:8e4e:de1b:98bf,"Mozilla/5.0 (Macintosh; Intel Mac OS X 10_15_7) AppleWebKit/537.36 (KHTML, like Gecko) Chrome/141.0.0.0 Safari/537.36",Login
Sat Oct 25 08:23:57 UTC 2025,2603:3024:18c5:100:3001:8e4e:de1b:98bf,"Mozilla/5.0 (Macintosh; Intel Mac OS X 10_15_7) AppleWebKit/537.36 (KHTML, like Gecko) Chrome/141.0.0.0 Safari/537.36",Login
Sat Oct 25 10:06:36 UTC 2025,2603:3024:18c5:100:3001:8e4e:de1b:98bf,"Mozilla/5.0 (Macintosh; Intel Mac OS X 10_15_7) AppleWebKit/537.36 (KHTML, like Gecko) Chrome/141.0.0.0 Safari/537.36",Login
Sun Oct 26 05:05:08 UTC 2025,2603:3024:18c5:100:3001:8e4e:de1b:98bf,"Mozilla/5.0 (Macintosh; Intel Mac OS X 10_15_7) AppleWebKit/537.36 (KHTML, like Gecko) Chrome/141.0.0.0 Safari/537.36",Login
Wed Nov 05 05:04:45 UTC 2025,2603:3024:18c5:100:9c43:7243:1992:7cce,"Mozilla/5.0 (Macintosh; Intel Mac OS X 10_15_7) AppleWebKit/537.36 (KHTML, like Gecko) Chrome/141.0.0.0 Safari/537.36",Login
Wed Nov 05 07:43:44 UTC 2025,2607:fb90:9e10:86a:3ca8:4697:1d40:616a,"Mozilla/5.0 (Macintosh; Intel Mac OS X 10_15_7) AppleWebKit/537.36 (KHTML, like Gecko) Chrome/141.0.0.0 Safari/537.36",Login
Wed Nov 05 08:11:36 UTC 2025,2607:fb90:9e10:86a:3ca8:4697:1d40:616a,"Mozilla/5.0 (Macintosh; Intel Mac OS X 10_15_7) AppleWebKit/537.36 (KHTML, like Gecko) Chrome/141.0.0.0 Safari/537.36",Login
Thu Nov 06 05:58:44 UTC 2025,2603:3024:18c5:100:9c63:6753:f99:7840,"Mozilla/5.0 (Macintosh; Intel Mac OS X 10_15_7) AppleWebKit/537.36 (KHTML, like Gecko) Chrome/142.0.0.0 Safari/537.36",Login
Thu Nov 06 06:27:07 UTC 2025,2603:3024:18c5:100:9c63:6753:f99:7840,"Mozilla/5.0 (Macintosh; Intel Mac OS X 10_15_7) AppleWebKit/605.1.15 (KHTML, like Gecko) Version/26.1 Safari/605.1.15",Login
Fri Nov 21 04:55:05 UTC 2025,66.135.132.101,"Mozilla/5.0 (Macintosh; Intel Mac OS X 10_15_7) AppleWebKit/537.36 (KHTML, like Gecko) Chrome/142.0.0.0 Safari/537.36",Login
Mon Dec 01 08:26:01 UTC 2025,2603:3024:18c5:100:51aa:a1e:c402:7b6b,"Mozilla/5.0 (Macintosh; Intel Mac OS X 10_15_7) AppleWebKit/537.36 (KHTML, like Gecko) Chrome/142.0.0.0 Safari/537.36",Login
Wed Dec 03 00:41:08 UTC 2025,2603:3024:18c5:100:7453:907:2094:2f8a,"Mozilla/5.0 (Macintosh; Intel Mac OS X 10_15_7) AppleWebKit/537.36 (KHTML, like Gecko) Chrome/142.0.0.0 Safari/537.36",Login
Sat Dec 06 23:39:32 UTC 2025,69.181.22.238,"Mozilla/5.0 (Macintosh; Intel Mac OS X 10_15_7) AppleWebKit/537.36 (KHTML, like Gecko) Chrome/142.0.0.0 Safari/537.36",Login
Mon Dec 08 02:58:51 UTC 2025,2603:3024:18c5:100:9597:cce3:7c67:9b1b,"Mozilla/5.0 (Macintosh; Intel Mac OS X 10_15_7) AppleWebKit/537.36 (KHTML, like Gecko) Chrome/142.0.0.0 Safari/537.36",Login
Fri Dec 12 19:43:37 UTC 2025,2603:3024:18c5:100:5969:6bd5:6f6c:ceb3,"Mozilla/5.0 (Macintosh; Intel Mac OS X 10_15_7) AppleWebKit/537.36 (KHTML, like Gecko) Chrome/143.0.0.0 Safari/537.36",Login
Wed Jan 07 08:49:20 UTC 2026,2603:3024:18c5:100:959d:51ac:8be:ee85,"Mozilla/5.0 (Macintosh; Intel Mac OS X 10_15_7) AppleWebKit/537.36 (KHTML, like Gecko) Chrome/143.0.0.0 Safari/537.36",Login
Thu Jan 08 02:33:48 UTC 2026,2607:fb90:9f2c:869c:7570:a92d:6bfc:923d,"Mozilla/5.0 (iPhone; CPU iPhone OS 18_7 like Mac OS X) AppleWebKit/605.1.15 (KHTML, like Gecko) Mobile/15E148 [LinkedInApp]/9.31.7374",Login
Thu Jan 08 02:36:36 UTC 2026,2a04:4e41:6401:2bb0:0:0:5dd6:7bb0,"Mozilla/5.0 (iPhone; CPU iPhone OS 18_7 like Mac OS X) AppleWebKit/605.1.15 (KHTML, like Gecko) Version/26.1 Mobile/15E148 Safari/604.1",Login
Sat Jan 10 06:35:24 UTC 2026,2603:3024:18c5:100:f004:e9ae:cdcd:f071,"Mozilla/5.0 (Macintosh; Intel Mac OS X 10_15_7) AppleWebKit/537.36 (KHTML, like Gecko) Chrome/143.0.0.0 Safari/537.36",Login
Wed Jan 14 20:55:03 UTC 2026,2603:3024:18c5:100:784a:f493:4f6c:a209,"Mozilla/5.0 (Macintosh; Intel Mac OS X 10_15_7) AppleWebKit/537.36 (KHTML, like Gecko) Chrome/143.0.0.0 Safari/537.36",Login
Thu Jan 15 05:18:32 UTC 2026,2603:3024:18c5:100:784a:f493:4f6c:a209,"Mozilla/5.0 (Macintosh; Intel Mac OS X 10_15_7) AppleWebKit/537.36 (KHTML, like Gecko) Chrome/143.0.0.0 Safari/537.36",Login
Fri Jan 16 00:47:51 UTC 2026,2607:fb90:9e3e:88cc:95d7:8263:d171:4d46,LIAuthLibrary:44.0.* com.linkedin.LinkedIn:9.31.7644 iPhone:26.1,Login
Fri Jan 16 01:26:02 UTC 2026,4.16.204.214,"Mozilla/5.0 (Macintosh; Intel Mac OS X 10_15_7) AppleWebKit/537.36 (KHTML, like Gecko) Chrome/143.0.0.0 Safari/537.36",Login
Sat Jan 17 08:56:57 UTC 2026,2603:3024:18c5:100:9504:c2:6be:b1a9,"Mozilla/5.0 (iPhone; CPU iPhone OS 18_7 like Mac OS X) AppleWebKit/605.1.15 (KHTML, like Gecko) Mobile/23B85 Instagram 412.0.0.17.89 (iPhone16,2; iOS 26_1; en_US; en; scale=3.00; 1290x2796; IABMV/1; 859471633) NW/3 Safari/604.1",Login
Mon Jan 19 08:27:18 UTC 2026,2603:3024:18c5:100:35b5:40ea:36d7:e958,"Mozilla/5.0 (Macintosh; Intel Mac OS X 10_15_7) AppleWebKit/537.36 (KHTML, like Gecko) Chrome/143.0.0.0 Safari/537.36",Login
Tue Jan 20 05:00:41 UTC 2026,2603:3024:18c5:100:35b5:40ea:36d7:e958,"Mozilla/5.0 (Macintosh; Intel Mac OS X 10_15_7) AppleWebKit/537.36 (KHTML, like Gecko) Chrome/143.0.0.0 Safari/537.36",Login
Tue Jan 20 05:04:34 UTC 2026,2603:3024:18c5:100:35b5:40ea:36d7:e958,"Mozilla/5.0 (Macintosh; Intel Mac OS X 10_15_7) AppleWebKit/537.36 (KHTML, like Gecko) Chrome/143.0.0.0 Safari/537.36",Login
Wed Jan 21 08:52:06 UTC 2026,2603:3024:18c5:100:5c8d:1f05:64a9:f756,"Mozilla/5.0 (Macintosh; Intel Mac OS X 10_15_7) AppleWebKit/537.36 (KHTML, like Gecko) Chrome/133.0.0.0 Safari/537.36",Login
Wed Jan 21 09:40:39 UTC 2026,2603:3024:18c5:100:5c8d:1f05:64a9:f756,"Mozilla/5.0 (Macintosh; Intel Mac OS X 10_15_7) AppleWebKit/537.36 (KHTML, like Gecko) Chrome/133.0.0.0 Safari/537.36",Login
Wed Jan 21 10:33:45 UTC 2026,2603:3024:18c5:100:5c8d:1f05:64a9:f756,"Mozilla/5.0 (Macintosh; Intel Mac OS X 10_15_7) AppleWebKit/537.36 (KHTML, like Gecko) Chrome/143.0.0.0 Safari/537.36",Login
Thu Jan 22 07:36:07 UTC 2026,2603:3024:18c5:100:7552:e1f1:13f6:4bbe,"Mozilla/5.0 (Macintosh; Intel Mac OS X 10_15_7) AppleWebKit/537.36 (KHTML, like Gecko) Chrome/143.0.0.0 Safari/537.36",Login
Thu Jan 22 07:48:42 UTC 2026,2603:3024:18c5:100:7552:e1f1:13f6:4bbe,"Mozilla/5.0 (Macintosh; Intel Mac OS X 10_15_7) AppleWebKit/537.36 (KHTML, like Gecko) Chrome/143.0.0.0 Safari/537.36",Login
Sun Jan 25 00:15:05 UTC 2026,2603:3024:18c5:100:588a:e9ec:118:ec86,"Mozilla/5.0 (Macintosh; Intel Mac OS X 10_15_7) AppleWebKit/537.36 (KHTML, like Gecko) Chrome/144.0.0.0 Safari/537.36",Login
Sun Jan 25 05:10:31 UTC 2026,2603:3024:18c5:100:588a:e9ec:118:ec86,"Mozilla/5.0 (Macintosh; Intel Mac OS X 10_15_7) AppleWebKit/537.36 (KHTML, like Gecko) Chrome/144.0.0.0 Safari/537.36",Login
