Date,Status,FullName
2026-02-03 00:02:59,Active,Romain Huet
2026-02-02 22:54:11,Active,Matthew Goldman
2026-02-02 20:46:35,Active,Pete Flint
2026-02-02 19:27:45,Active,Rob McDonald
2026-02-01 02:19:46,Active,Jamieson O'Reilly
2026-02-01 00:41:23,Active,Rita Kozlov
2026-01-31 06:17:43,Active,Chelsie Cooper
2026-01-30 10:08:17,Active,Cristina Junqueira
2026-01-30 09:58:15,Active,Ben C. Kahan
2026-01-29 21:51:34,Active,Sam Boukhiam
2026-01-29 05:45:27,Active,Radek Sienkiewicz
2026-01-29 05:45:00,Active,ü¶Ñ Peter Steinberger
2026-01-28 09:41:35,Active,Gordon Ritter
2026-01-28 09:38:54,Active,JC Bahr-de Stefano
2026-01-28 09:37:01,Active,Leslie Sodaro
2026-01-28 08:33:06,Active,Jackie Berardo
2026-01-28 07:21:09,Active,Joel Karacozoff
2026-01-28 07:12:50,Active,Josh Jung
2026-01-28 07:00:17,Active,Mehul Rastogi
2026-01-28 06:58:01,Active,Irin Son
2026-01-28 06:45:49,Active,Dimitriy Mishin
2026-01-28 06:10:39,Active,Don Butler
2026-01-28 04:50:31,Active,Jonathan Lai
2026-01-28 04:41:07,Active,Danny Rimer
2026-01-28 03:25:02,Active,Immad Akhund
2026-01-28 00:24:36,Active,Nick Holland
2026-01-27 22:31:11,Active,Amjad Masad
2026-01-27 22:31:07,Active,Haya Odeh
2026-01-27 20:19:19,Unfollow,Vandana Sunkara
2026-01-27 20:16:10,Active,Sara Ahmadian
2026-01-27 19:41:09,Active,Gerry Giacom√°n Colyer
2026-01-25 03:42:06,Active,Andr√© Madeira
2026-01-25 03:36:10,Active,Julian Weisser
2026-01-25 02:40:45,Active,Jason Gottlieb
2026-01-22 22:56:04,Active,Dorothy Chang
2026-01-21 22:29:17,Active,Javier Vargas
2026-01-20 14:20:18,Active,Tripp Jones
2026-01-20 14:14:11,Active,Peter Berg
2026-01-20 14:02:24,Active,Brian Ascher
2026-01-20 09:36:58,Active,Eleni Steinman
2026-01-20 09:36:56,Active,Jake Mendel
2026-01-20 04:52:18,Unfollow,Nadeem Abbasi
2026-01-18 05:18:56,Active,Aleh Tsikhanau
2026-01-17 03:57:18,Active,Hong-Wei Wu
2026-01-17 00:17:11,Active,John Levitsky
2026-01-17 00:05:04,Active,Alfred Wahlforss
2026-01-17 00:01:45,Active,Chris Tottman
2026-01-16 22:19:05,Active,Alex Leung
2026-01-16 22:13:09,Active,"Antoine Vastel, PhD"
2026-01-16 21:51:22,Active,Chris Dean
2026-01-16 05:25:06,Active,Deepak Pathak
2026-01-16 05:19:05,Active,Stephanie Ferris
2026-01-16 02:23:20,Active,Rachael Grabill
2026-01-15 22:44:31,Active,Randy San Nicolas
2026-01-15 07:40:50,Active,Farooq Malik
2026-01-15 07:35:44,Active,Ayokunle Omojola
2026-01-15 07:32:25,Active,Chris Dixon
2026-01-15 07:27:01,Active,Jamie Uppenberg
2026-01-15 05:46:19,Active,Sam Rogers
2026-01-15 04:02:36,Active,Kate Mackz
2026-01-14 10:26:48,Active,Lucas J. Pols
2026-01-13 22:19:21,Active,Han Xiao
2026-01-13 03:46:19,Active,Shrestha Basu Mallick
2026-01-13 03:44:21,Active,Paige Bailey
2026-01-12 22:16:46,Active,Brian Lee
2026-01-12 22:14:56,Active,Nikita Bier
2026-01-11 07:28:14,Active,Anatoly Marin
2026-01-10 08:07:06,Active,Emily Yuan
2026-01-10 04:46:19,Active,Jonathan Ross
2026-01-09 01:39:25,Active,Vincent Koc
2026-01-08 07:30:53,Active,Ted Theodoropoulos
2026-01-07 07:09:05,Active,Snigdha Kumar
2026-01-07 05:39:25,Active,Nick Gomez
2026-01-06 22:31:09,Active,Zach Walsh
2026-01-01 00:22:26,Active,Justin Uberti
2026-01-01 00:21:46,Active,Bunty Shah
2026-01-01 00:20:46,Active,Harrison Chase
2026-01-01 00:11:23,Active,Fabian Hedin
2025-12-29 05:42:35,Active,Dan Shipper
2025-12-27 22:50:01,Active,Tom Blomfield
2025-12-22 22:42:18,Active,Brian Jacobs
2025-12-22 21:09:57,Active,Edward Zhou
2025-12-22 04:23:16,Active,Roger Rizk
2025-12-20 06:26:06,Active,Daniel Lev
2025-12-19 06:13:22,Active,Aaron Frank
2025-12-18 05:59:29,Active,J√©r√¥me Segura
2025-12-18 02:23:50,Active,Matt Grimm
2025-12-16 01:51:59,Active,Chaz Englander
2025-12-15 09:23:13,Active,Cameron Mattis
2025-12-15 04:29:12,Active,Zach Singleton
2025-12-12 22:10:34,Active,Brandon Zorner
2025-12-11 18:32:09,Active,Christoph Winter
2025-12-11 18:31:45,Active,Matt Weaver
2025-12-11 18:30:29,Active,Elena Alfaro
2025-12-11 05:31:37,Active,Samuel Schmidgall
2025-12-11 05:24:08,Active,Zaynab Atabaeva
2025-12-10 05:03:12,Active,Tim Draper
2025-12-09 22:36:32,Active,Lily Clifford
2025-12-09 21:10:43,Active,Angela Summa
2025-12-08 21:37:44,Active,Justin Friedman
2025-12-07 06:41:42,Active,Andrew Carey
2025-12-07 06:15:34,Active,Sarah Wight
2025-12-06 23:49:13,Active,Dr. Emily Anhalt
2025-12-03 23:28:16,Active,Will Bryk
2025-12-03 22:03:25,Active,Dan Rose
2025-12-03 21:55:55,Active,Matt Serna
2025-12-03 09:15:45,Active,David Roos
2025-12-03 07:28:51,Active,Colton Pond
2025-12-02 02:40:11,Active,Shuo Wang
2025-11-26 04:08:33,Active,Chuan Li
2025-11-26 03:52:47,Active,Patrick Chanezon
2025-11-21 07:25:46,Active,Lisa Mumm
2025-11-18 01:24:03,Active,Fernando Torres
2025-11-15 06:32:24,Active,Molly O'Shea
2025-11-13 09:21:33,Active,Craig Dennis
2025-11-13 07:05:02,Active,Andrea Marchiotto
2025-11-13 00:12:04,Active,Rohit Ramkumar
2025-11-12 06:57:26,Active,Robert Venchiarutti
2025-11-09 01:06:00,Active,Caroline McCloskey
2025-11-08 02:08:19,Active,Ivory Tang
2025-11-07 04:08:06,Active,Dan Angius
2025-11-06 09:09:29,Active,Seema Amble
2025-11-04 23:51:33,Unfollow,Kurniavka Volodymyr
2025-11-01 05:48:31,Active,Ratmir Timashev
2025-10-31 08:29:54,Active,Konstantin Kruglov
2025-10-30 22:14:39,Active,Marcelo De Santis
2025-10-28 00:30:05,Active,Sunil Sharma
2025-10-27 17:13:42,Active,Om Kundu
2025-10-27 06:39:42,Active,Jennifer Lowe
2025-10-27 02:09:56,Active,Lisa McKenna
2025-10-25 11:01:24,Active,Bill Reichert
2025-10-24 21:55:45,Active,Justin McMahan
2025-10-24 21:34:46,Active,Jack Chong
2025-10-24 07:37:00,Active,Farkhod Makhmudov
2025-10-24 05:30:18,Active,Dar Mehta
2025-10-24 05:28:32,Active,Steve Jang
2025-10-23 22:25:08,Active,Ralf Kaiser
2025-10-22 06:55:44,Active,Ime Archibong
2025-10-22 05:41:55,Active,Derek Xiao
2025-10-22 05:41:28,Active,Glenn Solomon
2025-10-21 22:35:20,Active,Zhaoqi Li
2025-10-21 01:49:44,Active,Charles Packer
2025-10-20 09:52:58,Active,Jo√£o (Joe) Moura
2025-10-19 06:10:11,Active,Dharmesh Shah
2025-10-19 06:09:02,Active,David Ball
2025-10-16 06:15:48,Unfollow,Krisen Ramkissoon
2025-10-15 19:55:48,Active,Jacqueline Wibowo
2025-10-14 03:44:33,Active,Anatoly Yakovenko
2025-10-10 05:06:33,Active,Kevin Lehtiniitty
2025-10-10 05:03:10,Active,Chris Harmse
2025-10-09 23:51:59,Active,George Vitko
2025-10-09 23:48:02,Active,Du≈°an Vuksanovic
2025-10-09 23:39:52,Active,Casey Aylward
2025-10-09 23:38:36,Active,Danila Shtan
2025-10-09 23:32:24,Active,Nick Sands
2025-10-09 23:30:24,Active,Andrew Wang
2025-10-09 23:22:30,Active,Arvind Purushotham
2025-10-09 03:33:54,Active,Cathie Wood
2025-10-08 02:22:47,Active,Joshua Geffon
2025-10-08 02:00:58,Active,Michael Grinich
2025-10-08 00:11:53,Active,Anna  Naidis
2025-10-07 09:25:47,Active,Phil Chen
2025-10-07 08:48:24,Active,Soups Ranjan
2025-10-07 05:41:00,Active,Chuck Yu
2025-10-07 05:38:40,Active,Matt Vanhouten
2025-10-07 04:57:00,Active,James Alexander
2025-10-07 03:27:46,Active,Katia Ameri
2025-10-07 00:10:49,Active,Jamie Neuwirth
2025-10-06 06:36:13,Active,Imogen Mulliner
2025-10-03 09:55:54,Active,Rahul Patil
2025-10-01 05:09:13,Active,Craig DeWitt
2025-10-01 05:06:46,Active,Amir Sarhangi
2025-10-01 01:33:02,Active,Chief  LegalX
2025-10-01 01:00:12,Active,Jon Jones
2025-09-30 01:34:26,Active,Alena Panshina
2025-09-30 01:33:03,Active,Belmer Negrillo
2025-09-29 23:10:06,Active,Andrew Filev
2025-09-29 23:09:59,Active,Alex Shershebnev
2025-09-29 10:58:09,Active,Jay Chodagam
2025-09-29 05:57:40,Active,Matan Grinberg
2025-09-28 21:27:00,Active,Alex Immerman
2025-09-26 06:59:51,Active,Brad Lightcap
2025-09-26 06:57:55,Active,Ali Ghodsi
2025-09-26 06:56:28,Active,Greg Ulrich
2025-09-25 07:28:27,Active,"Chloe Zhu, CFA"
2025-09-24 04:30:12,Active,Matt Judd
2025-09-24 04:28:39,Active,"Jerry Chou, CRCM,CIPP,CAMS"
2025-09-22 23:28:23,Active,Paul Copplestone
2025-09-22 23:27:12,Active,Allan Guo
2025-09-20 22:20:18,Active,Alan Cowen
2025-09-20 22:18:14,Active,Olivia Moore
2025-09-18 08:06:33,Active,Daniel Faddoul
2025-09-18 08:05:01,Active,John L. Connell
2025-09-17 22:54:20,Active,Craig Kelly
2025-09-16 02:01:03,Active,Michael Liu
2025-09-15 07:32:22,Active,Anton Osika
2025-09-15 07:32:19,Active,Mati Staniszewski
2025-09-12 02:24:17,Active,David Holt
2025-09-10 08:11:14,Active,Andrey Vasnetsov
2025-09-10 00:41:00,Active,Karan Vaidya
2025-09-09 19:13:13,Active,William Uppington
2025-09-09 03:41:22,Active,Bob McGrew
2025-09-08 19:54:13,Active,Navin Chaddha
2025-09-05 03:59:26,Active,Louis-Nicolas Roussel
2025-09-04 08:40:31,Active,Robin Lyu
2025-08-29 21:20:38,Active,Pedro Franceschi
2025-08-29 19:38:21,Active,Steve Vassallo
2025-08-28 06:12:50,Active,Max Junestrand
2025-08-27 22:52:32,Active,Raj Dhamodharan
2025-08-27 05:52:05,Active,Raj Parekh
2025-08-27 02:06:31,Active,Jon Lira
2025-08-22 01:57:50,Active,David Solomon
2025-08-20 18:43:50,Active,Ricky Wong
2025-08-18 07:41:59,Active,Patrick Ellis
2025-08-15 09:51:57,Active,Dharminder Singh
2025-08-15 09:50:43,Active,Adam Frankl
2025-08-15 04:07:13,Active,Evgenii Shingarev
2025-08-11 22:47:56,Active,Grace Gong
2025-08-10 05:31:06,Active,Adam Nathan
2025-08-08 02:13:08,Active,Eric Zakariasson
2025-07-31 22:06:24,Active,Shreya Shekhar
2025-07-24 21:59:13,Active,Nellie Levchin
2025-07-24 20:47:01,Active,Ben Lang
2025-07-23 22:00:33,Active,Vasek Mlejnsky
2025-07-23 21:31:48,Active,Jordan Krugman
2025-07-23 21:30:09,Active,Zach Frantz
2025-07-23 20:48:30,Active,Christina Cacioppo
2025-07-23 02:16:18,Active,Tori Seidenstein
2025-07-22 08:23:35,Active,Tuong Tran
2025-07-22 08:23:12,Active,Nikhil Gupta
2025-07-22 00:58:30,Active,"Lindsay Oishi, Ph.D."
2025-07-20 21:58:43,Active,Boris Cherny
2025-07-18 08:56:03,Active,Jordan Dearsley
2025-07-18 08:55:45,Active,Andrii Mazur üá∫üá¶
2025-07-18 01:33:07,Active,Nils Schneider
2025-07-17 21:41:44,Active,Will Grannis
2025-07-17 06:54:38,Active,Lior Alexander
2025-07-16 23:42:50,Active,Fauzan Reza Maulana
2025-07-16 02:29:29,Active,Kevin Straszburger
2025-07-16 01:42:11,Active,Kriti Goyal
2025-07-15 21:56:30,Active,Michael Riddering
2025-07-15 21:56:10,Active,Ryo Lu
2025-07-15 21:55:37,Active,Tim Belonax
2025-07-14 21:50:15,Active,Nick Giometti
2025-07-14 21:49:37,Active,Daniel Bolus
2025-07-14 07:18:46,Active,Arushi Somani
2025-07-13 10:26:40,Active,Nat Friedman
2025-07-13 10:25:58,Active,Yann LeCun
2025-07-13 10:25:46,Active,Jack Rae
2025-07-10 09:25:40,Active,Iris Sun
2025-07-07 21:44:21,Active,Jacqueline Ojeda
2025-07-07 20:39:49,Active,Daniel Han
2025-07-07 01:50:20,Active,Josh Whitfield
2025-07-02 00:06:02,Active,Adam Bluhm
2025-07-01 22:38:52,Active,Anil Nadiminti
2025-07-01 22:37:55,Active,Eric Burns
2025-07-01 02:49:41,Active,Haz Hubble
2025-07-01 02:46:27,Active,Sujee Maniyam
2025-06-30 10:01:38,Active,John Saw
2025-06-29 22:43:15,Active,Pascal BORNET
2025-06-28 02:19:58,Active,Peter Walker
2025-06-25 07:28:28,Active,Meg McWilliams
2025-06-25 00:38:21,Active,Sachin Kumar
2025-06-24 01:30:39,Active,Tayo Adesanya
2025-06-23 22:16:45,Active,Reed Hastings
2025-06-22 21:46:43,Active,Joseph Guo
2025-06-20 19:31:43,Active,Nik Shevchenko
2025-06-19 23:08:08,Active,John Rush
2025-06-13 08:08:22,Active,William Hockey
2025-06-11 19:46:15,Active,Hannah (Shatzen) Lockhart
2025-06-07 07:18:50,Active,David Carvalho
2025-06-07 06:45:42,Active,"Nicolas Khonaysser, MBA"
2025-06-07 06:27:00,Active,Josh Wadinski
2025-06-07 06:25:34,Active,Gargi Kand
2025-06-07 06:24:56,Active,Josh Constine
2025-06-07 06:21:48,Active,Steve Chen
2025-06-01 22:24:16,Active,Nabil Manji
2025-05-31 06:21:14,Active,Dave Fontenot
2025-05-29 20:23:57,Active,Grant Evans
2025-05-29 20:23:41,Active,Joff Redfern
2025-05-29 18:33:51,Active,Demi Obayomi
2025-05-29 02:00:30,Active,Annie Pearl
2025-05-28 22:18:16,Active,Hazim Mohamad
2025-05-28 08:31:42,Active,Phoebe Fan
2025-05-25 08:16:31,Active,Felix Kues
2025-05-25 06:42:46,Active,Marc Manara
2025-05-22 01:45:37,Active,Arthur Soroken
2025-05-21 06:54:12,Active,Emily Chang
2025-05-20 22:50:16,Active,Demis Hassabis
2025-05-19 04:39:50,Active,Nathan McCauley
2025-05-17 04:34:07,Active,"Sarah Laszlo, PhD"
2025-05-16 05:19:08,Active,Patrick S. Chung
2025-05-15 22:10:17,Active,Bob Sneed
2025-05-15 19:01:48,Active,Erin McCune
2025-05-15 18:58:53,Active,Sean Yu
2025-05-15 17:49:57,Active,Rachel Pike
2025-05-13 21:20:18,Active,Rosanna Catalano
2025-05-13 18:45:50,Active,Natasha Pollayil
2025-05-09 02:37:30,Active,Karan Singh
2025-05-08 20:29:12,Active,Alok Jariwala
2025-05-07 23:49:08,Active,Patrick Spychalski
2025-05-07 07:01:47,Active,Neetika Bansal
2025-05-07 07:01:02,Active,Erik Nordlander
2025-05-07 06:53:49,Active,Gagan Mac
2025-05-07 03:56:07,Active,Zach Abrams
2025-05-06 21:38:20,Active,Jeff Weinstein
2025-05-06 21:36:02,Active,Abhishek 'AJ' Joshi
2025-05-06 21:26:48,Active,Brian Ortiz
2025-05-06 20:49:38,Active,Cameron Moll
2025-05-03 02:42:55,Active,Ryan McInerney
2025-05-02 02:19:52,Active,Faquiry Diaz Cala
2025-04-30 20:11:06,Active,Britton Winterrose
2025-04-29 21:58:08,Active,Jeff Pomeroy
2025-04-29 21:57:30,Active,Michelle Gill
2025-04-29 21:57:02,Active,Prakhar Mehrotra
2025-04-29 21:56:38,Active,Srini Venkatesan
2025-04-29 21:53:04,Active,Alex Chriss
2025-04-28 22:22:00,Active,Tedd Huff
2025-04-27 22:55:25,Active,Amy Wu Martin
2025-04-25 00:57:14,Active,Alexey Ivanov
2025-04-25 00:50:01,Active,"Elena Lenena, Ph.D"
2025-04-22 04:45:40,Active,Mustafa Suleyman
2025-04-16 04:24:58,Active,Nina Lopatina
2025-04-15 04:21:31,Active,Laura Gibson-Lamothe
2025-04-11 21:08:21,Active,"Jillian Bommarito, CPA, CIPP/US/E"
2025-04-11 21:08:10,Active,Michael Bommarito
2025-04-08 01:38:47,Active,Sahar Mor
2025-04-08 01:20:15,Active,Brace Sproul
2025-04-03 07:24:58,Active,"Ahsan Habib, MBA, CAMS, FIS"
2025-04-02 06:44:43,Active,Lluis Faus
2025-04-02 01:12:38,Active,Alon Peleg
2025-04-01 09:38:49,Active,Gabe Pereyra
2025-04-01 05:13:31,Active,Olena  Kholina
2025-03-30 23:42:55,Active,Ju-Seung Byun
2025-03-29 08:49:56,Active,Yuechen Zhao
2025-03-27 20:29:22,Active,Manny Starr
2025-03-24 22:00:32,Active,Jake Heller
2025-03-20 02:41:33,Active,Ashmeet Sidana
2025-03-20 02:40:20,Active,"Elena Itskovich, PhD"
2025-03-19 02:15:52,Active,"Kevin Chen, PhD"
2025-03-16 06:11:57,Active,Bill Tai
2025-03-15 20:34:22,Active,Eytan Messika
2025-03-14 00:45:54,Active,Nabeel Ahmed
2025-03-13 22:08:39,Active,Mike Burkov
2025-03-13 22:06:29,Active,Levon Sarkisian
2025-03-13 21:58:59,Active,Cyril Kondratenko
2025-03-13 21:58:00,Active,Gleb Kholodov
2025-03-13 21:57:24,Active,üñ±Ô∏è Vasily Pantyukhin
2025-03-13 19:38:23,Active,Amanda Zhu
2025-03-13 01:10:57,Active,Neil Kanungo
2025-03-13 00:31:59,Active,Olaf Hubel
2025-03-12 22:30:38,Active,Cedric Vidal
2025-03-12 19:02:26,Active,Mark Chen
2025-03-07 03:43:00,Active,Kelly Graziadei
2025-03-07 03:42:27,Active,Jeanine Suah
2025-03-07 02:02:27,Active,William Gaybrick
2025-03-05 01:17:23,Active,Katerina Fialkovskaya
2025-03-01 02:07:30,Active,Gintaras Siniauskas
2025-03-01 02:07:28,Active,Dmitry Shurin
2025-03-01 02:06:29,Active,Marina Davidova
2025-02-22 23:30:33,Active,Pedro KC Santos
2025-02-22 20:06:36,Active,"Abdullah Farqaleet, CFA"
2025-02-22 20:06:00,Active,Joanne Hoang
2025-02-21 08:48:19,Active,Neal Patel
2025-02-21 08:47:00,Active,Matthew Chang
2025-02-21 08:39:28,Active,üóΩ Pat Utz
2025-02-18 16:55:45,Active,Dane Vahey
2025-02-18 08:18:37,Active,Blake Scholl
2025-02-13 10:46:33,Active,Laura Lenz
2025-02-12 02:16:03,Active,Fiona Ma
2025-02-11 02:29:13,Active,Lorenze Jay Hernandez
2025-02-09 19:28:18,Active,Sandy Naidu
2025-01-31 23:21:28,Active,Conrad Wadowski
2025-01-30 03:09:52,Active,Daniel Fetner
2025-01-30 03:06:21,Active,David Goldberg
2025-01-26 01:01:45,Active,John Balen
2025-01-22 19:56:42,Active,Mikko Kiiskila
2025-01-19 10:06:27,Active,Jeff Dean
2025-01-16 01:57:34,Active,Tom Aarsen
2025-01-14 07:05:40,Active,Alex Dang
2025-01-12 07:00:43,Active,Arjun V Paul .
2025-01-08 22:52:32,Active,Bill Sun
2025-01-08 09:18:57,Active,Ivan Landabaso
2025-01-07 21:44:40,Active,Ivelina Dineva
2025-01-06 22:38:57,Active,Vyacheslav Kim
2025-01-06 22:37:29,Active,Mikhail Lomtadze
2025-01-06 07:18:50,Active,Boris Gamazaychikov
2025-01-06 06:09:14,Active,Michael Talan
2025-01-06 03:26:02,Active,Warren Barkley
2025-01-06 03:21:03,Active,Greg Isenberg
2025-01-06 03:20:57,Active,Mission Dolores Manor
2025-01-05 10:38:35,Active,Jamie Grant
2025-01-05 07:48:36,Active,Alex Reibman
2025-01-05 03:39:54,Active,Ahsen Khaliq
2025-01-05 03:39:06,Active,Yuandong Tian
2024-12-31 07:28:15,Active,Kyle Thomas
2024-12-25 04:46:40,Active,Andrew Ng
2024-12-25 04:36:49,Active,Neil Hoyne
2024-12-25 04:36:22,Active,Yuliya Chernova
2024-12-21 00:45:28,Active,Elena Samuylova
2024-12-16 05:47:41,Active,Brad Flora
2024-12-12 19:48:09,Active,Chris Brown
2024-12-11 18:56:24,Active,Daniel Lurie ‰∏πÂ∞ºÁàæ¬∑ÁæÖÂÅâ
2024-12-10 07:55:59,Active,John Allard
2024-12-10 07:54:25,Active,Justin Reese
2024-12-08 20:15:28,Active,Bayram Annakov
2024-11-30 04:03:33,Active,Victor R. Cardona
2024-11-28 17:30:05,Active,Leonard Burger
2024-11-23 02:18:37,Active,Andy Jassy
2024-11-19 22:46:20,Active,Margarita Geleta
2024-11-19 22:40:45,Active,Joe Felter
2024-11-16 22:27:13,Active,Michelle Aguinis
2024-11-16 22:26:23,Active,Tiffany Spencer
2024-11-04 21:30:00,Active,Aparna Dhinakaran
2024-11-02 18:50:52,Active,Tim Tully
2024-11-02 17:53:25,Active,Alison Bunnell
2024-11-02 17:53:21,Active,Benjamin Mann
2024-10-31 07:52:17,Active,Andrew Romans
2024-10-30 22:08:11,Active,Cuy Sheffield
2024-10-30 04:31:17,Active,Ashton Kutcher
2024-10-29 17:09:23,Active,Jane Alexander
2024-10-29 05:06:22,Active,Pranay Shetty
2024-10-29 05:03:31,Active,"Kirsten Muetzel, CPA"
2024-10-29 05:02:10,Active,Dana Lawrence
2024-10-29 00:04:54,Active,Bianca Caban
2024-10-28 22:29:37,Active,Sheetal Parikh
2024-10-28 20:33:46,Active,Topher Haddad
2024-10-28 05:43:11,Active,Miller Rodriguez
2024-10-27 18:49:18,Active,Pryce A. Yebesi
2024-10-27 07:20:01,Active,"Marily Nika, Ph.D"
2024-10-24 19:44:54,Active,Matt Murphy
2024-10-11 20:50:43,Active,Lauren Kolodny
2024-10-11 07:39:07,Active,Shyamal Hitesh Anadkat
2024-10-07 00:21:23,Active,Jared Friedman
2024-09-29 06:47:42,Active,Div Garg
2024-09-29 06:46:46,Active,Sara Thomas Deshpande
2024-09-17 02:30:20,Active,Patsy Grannan
2024-09-17 02:29:17,Active,David Sanchez
2024-09-08 21:46:53,Active,Biao (Frank) Wang
2024-09-08 21:40:55,Active,John Scrudato
2024-09-08 21:38:08,Active,Aparna Sinha
2024-09-08 20:15:58,Active,Jack Benedict
2024-09-08 20:15:46,Active,Rak Garg
2024-09-08 20:14:46,Active,John Nay
2024-09-08 17:50:30,Active,Mark Bain
2024-09-08 04:24:45,Active,Pauliina Meskanen
2024-09-07 23:56:36,Active,Manuel Faysse
2024-09-04 20:35:55,Active,Noah Kagan
2024-08-15 22:57:18,Active,Connie Chan
2024-08-10 07:49:08,Active,Jay Zeidman
2024-08-10 07:41:47,Active,Kuzma Ledenev
2024-08-09 02:45:46,Active,Irfan Ganchi
2024-08-07 09:44:02,Active,Jo Zhu Kennedy
2024-07-31 03:08:16,Active,Christine Kim
2024-07-30 01:05:59,Active,Anna Anisimova
2024-07-25 18:27:45,Active,Jason Fitch
2024-07-24 23:19:34,Active,Ashu Garg
2024-07-22 23:32:27,Active,Kimberly Cisek
2024-07-19 00:05:35,Active,C.C. Gong
2024-07-18 21:49:51,Active,Max Pog
2024-07-13 00:41:43,Active,Bill Liu
2024-07-11 02:14:59,Active,Connor J. Wilson
2024-07-10 23:15:48,Active,Faizaan Charania
2024-07-08 21:11:07,Active,Nicole DeTommaso
2024-07-08 21:09:48,Active,Dasha Kroshkina
2024-07-08 20:39:43,Active,Shobhit Varshney
2024-07-04 05:39:43,Unfollow,Vera Maslova
2024-06-30 23:28:19,Active,Dmytro Savchenko
2024-06-29 02:25:38,Active,Maggie Gray
2024-06-29 02:25:37,Active,Ethan Klein
2024-06-29 01:59:44,Active,Pavan Gill
2024-06-29 01:26:32,Active,üöÄüë®üèæ‚ÄçüíªFaraz Khan
2024-06-29 01:26:18,Active,Alder D. Riley
2024-06-28 03:55:29,Active,William Zeng
2024-06-28 01:55:12,Active,Lisa Yu
2024-06-27 23:30:41,Active,Aravind Srinivas
2024-06-25 23:00:06,Active,"Mike Maples, Jr"
2024-06-25 22:54:43,Active,Suffiyan Malik
2024-06-24 02:42:20,Active,Sampriti Bhattacharyya
2024-06-24 00:23:36,Active,Flora Wang
2024-06-22 02:57:01,Active,Angel Burgos
2024-06-21 00:57:49,Active,Erika Bahr
2024-06-18 04:31:34,Active,Brandon Nydick
2024-06-17 23:03:43,Active,J√∏rn Lyseggen
2024-06-17 23:02:15,Active,Ryan Cunningham
2024-06-17 23:01:44,Unfollow,Ryan Cunningham
2024-06-17 23:01:28,Active,Bogdan Cristei  üá∑üá¥üá™üá∫üá∫üá∏
2024-06-13 21:53:42,Active,Alex Meredith
2024-06-12 22:32:55,Active,Enam Chowdhury
2024-05-24 02:19:23,Active,Alex Albert
2024-05-20 18:09:35,Active,Sakshi Gupta
2024-05-16 04:54:04,Active,Sam Aarons
2024-05-16 00:45:20,Active,Logan Kilpatrick
2024-05-16 00:37:11,Active,Mike Krieger
2024-05-14 23:08:13,Active,Sundar  Pichai
2024-05-14 22:54:35,Active,Josh Gordon
2024-05-14 22:54:02,Active,Joana Carrasqueira
2024-05-11 00:06:20,Active,Sarvesh Karkhanis
2024-05-08 03:43:53,Active,Kevin Scott
2024-05-05 01:30:31,Active,Gloria Chyr
2024-05-04 23:00:39,Active,Kevin Ortiz
2024-05-02 17:14:12,Active,Walter DE BROUWER
2024-05-02 15:05:19,Active,üöÄ Dani√´l Rood
2024-05-02 15:04:59,Active,Derek Freel
2024-05-02 15:03:23,Active,Richard Ashby
2024-04-30 21:01:20,Active,Antonio U. DeLorenzo
2024-04-26 02:07:29,Active,Chris Yeh
2024-04-25 20:05:25,Active,Ted Getten
2024-04-25 09:26:44,Active,Patrick Collison
2024-04-25 09:24:44,Active,John Collison
2024-04-19 16:35:16,Active,Rajat Taneja
2024-04-15 03:48:25,Active,Toby Tobkin
2024-04-15 03:46:49,Active,Jay Mandal
2024-04-11 04:09:49,Active,Jensen Huang
2024-04-11 04:05:27,Active,Joseph Dormani
2024-04-11 03:55:28,Active,Tatyana Kratunova
2024-04-10 16:45:28,Active,Caitlin White
2024-04-10 16:07:29,Active,Jennifer Lim
2024-04-09 14:39:37,Active,David McLaughlin
2024-04-08 22:17:28,Active,Francis X. Suarez
2024-04-08 17:32:05,Active,Julien Chaumond
2024-04-08 12:55:40,Active,Priscila Sorenson
2024-04-07 17:47:02,Active,Clem Delangue ü§ó
2024-04-07 15:08:04,Active,Shreyas Doshi
2024-04-07 15:07:58,Active,Shelly Hershkovitz
2024-04-07 15:07:53,Active,Laurie Richardson
2024-04-07 15:06:18,Active,Phil Venables
2024-04-07 15:05:49,Active,Burhan Sebin
2024-04-05 04:42:59,Active,Max Reiff
2024-03-29 04:52:40,Active,Rahul Parundekar
2024-03-28 15:21:33,Active,Sissie Hsiao
2024-03-26 07:29:17,Active,Vincent Granville
2024-03-26 04:54:59,Active,Andy Ozment
2024-03-26 04:53:36,Active,Bharat Shah
2024-03-26 04:48:31,Active,Winston Weinberg
2024-03-26 01:35:16,Active,Rub√©n Dom√≠nguez Ibar
2024-03-26 01:33:10,Active,Larry Fink
2024-03-26 01:33:07,Active,Jamie Dimon
2024-03-26 00:09:11,Active,Ivanha Paz
2024-03-25 04:19:46,Active,Advait Ruia
2024-03-25 00:30:27,Active,Lex Sokolin
2024-03-22 17:50:00,Active,Ilya Strebulaev
2024-03-22 17:30:07,Active,Gil Elbaz
2024-03-21 21:35:21,Active,Sarah Guo
2024-03-21 21:35:01,Active,Gary Pesola
2024-03-21 19:57:05,Active,Pieter Verhoeven
2024-03-21 19:56:45,Active,"Sophia Yang, Ph.D."
2024-03-21 19:51:57,Active,Devendra Chaplot
2024-03-21 19:36:27,Active,Jeff Boudier
2024-03-21 06:24:53,Active,Arthur Mensch
2024-03-21 02:33:23,Active,Arash Afrakhteh
2024-03-20 00:06:52,Active,Daniel Coccia
2024-03-19 02:50:02,Active,Anup Mehta
2024-03-17 20:05:35,Active,Debarag Banerjee
2024-03-09 22:36:41,Unfollow,Iris  Shiplack
2024-03-02 03:51:59,Active,Nik Spirin
2024-02-28 04:20:10,Active,üöÄ Navicstein Chinemerem
2024-02-25 21:45:54,Active,James Robert (JR) Lay
2024-02-12 20:26:57,Active,Sergei Mosunov
2024-02-12 20:24:14,Active,Daria Kuk
2024-02-09 19:33:33,Active,Melissa Spatafora
2024-02-02 03:04:34,Active,Luba Lesiva
2024-02-01 19:37:27,Active,Anshul Shah
2024-01-11 22:32:44,Active,Ilia Zintchenko
2023-12-20 21:12:25,Active,Daniel Herrera
2023-12-15 21:33:56,Active,Jim Fan
2023-12-05 20:43:53,Active,Karthik Ramachandran
2023-12-05 20:43:13,Active,Nenshad Bardoliwalla
2023-12-01 02:22:46,Active,Ethan Mollick
2023-12-01 01:43:05,Active,Ariel Camino
2023-11-29 23:52:30,Active,Nicolas Bustamante
2023-11-27 03:40:19,Active,Silvio Palumbo
2023-11-27 03:40:00,Active,Neil Pardasani
2023-11-27 03:36:19,Active,Robert Hosay
2023-11-27 03:32:44,Active,Louis Lehot
2023-11-22 06:47:34,Active,Bret Taylor
2023-11-18 02:15:41,Active,Wojciech Zaremba
2023-11-18 02:09:51,Active,Shivon Zilis
2023-11-18 02:07:36,Active,Matt Mochary
2023-11-18 01:57:53,Active,Reid Hoffman
2023-11-18 01:44:08,Active,Dewey Murdick
2023-11-18 01:43:52,Active,Helen Toner
2023-11-07 16:03:45,Active,Joe Maxwell
2023-11-06 19:07:26,Active,Jack Forestell
2023-11-06 18:42:17,Active,Jessica Shieh
2023-11-06 17:16:42,Active,Chris Donnelly
2023-11-06 17:06:31,Active,Alexandr Wang
2023-11-06 17:04:50,Active,Henrique Dubugras
2023-10-27 19:16:59,Active,George Mathew
2023-10-27 19:15:34,Active,Nand Mulchandani
2023-10-27 19:15:26,Active,Marco Argenti
2023-10-27 19:15:01,Active,Samantha Stokes
2023-10-27 14:32:07,Active,Karim Bhalwani
2023-10-03 14:55:19,Active,"Sebastian Raschka, PhD"
2023-09-29 23:32:37,Active,Neesha A. Tambe
2023-09-29 00:43:15,Active,Matt Oguz
2023-09-25 19:00:17,Active,Christopher Swift
2023-09-22 04:27:22,Unfollow,Matt Ewart
2023-09-22 03:00:04,Active,Anna Pi√±ol
2023-09-20 21:16:50,Active,Kyle Vogt
2023-09-20 19:09:40,Active,Sandhya Hegde
2023-09-20 18:21:00,Active,Thomas Kurian
2023-09-20 03:24:58,Active,Charles Pelletier-Gagn√©
2023-09-20 02:33:02,Active,May Wang
2023-09-20 02:31:29,Active,Aaron Sisto
2023-09-14 02:04:58,Active,Trevor Townsend
2023-09-13 23:29:25,Active,Daniela Amodei
2023-09-13 23:29:01,Active,Jack Clark
2023-09-13 23:28:50,Active,Tom Brown
2023-09-13 23:28:35,Active,Jared Kaplan
2023-09-13 23:28:25,Active,Sam McCandlish
2023-09-13 23:27:30,Active,Dario Amodei
2023-09-12 19:08:22,Active,Javier Morales O
2023-08-31 19:43:43,Active,Karandeep Anand
2023-08-04 17:16:06,Active,Adeline Kim
2023-08-02 00:11:12,Active,Dheeraj Joshi
2023-07-20 19:11:13,Active,Elana Gold
2023-07-14 20:03:08,Active,Antonio Key
2023-07-10 20:44:46,Active,Sam Marchant
2023-06-20 21:26:05,Active,Glenn Beckmann
2023-06-12 23:26:18,Active,Sergei Burkov
2023-06-11 00:59:33,Active,Kate Fitzgerald
2023-06-08 18:40:59,Active,Erik Torenberg
2023-06-07 19:14:21,Active,Claudia Raigoza
2023-06-06 15:13:02,Active,Jordan üêÜ Lawrence
2023-05-31 21:11:13,Active,Andrew Harrison
2023-05-26 17:50:17,Active,Medha Agarwal
2023-05-24 16:44:05,Active,Mike Pegg
2023-05-21 23:16:37,Active,Lex Fridman
2023-05-18 15:51:18,Active,Erick Page-Littleford
2023-05-12 03:38:01,Active,Marianna Janssen
2023-05-12 01:17:49,Active,Allissa Kline
2023-05-10 04:58:00,Active,Ora Levit
2023-05-08 16:05:30,Active,Christina Hutchinson
2023-04-26 22:44:02,Active,Amanda Swoverland
2023-04-25 18:34:59,Active,Stephane Nasser
2023-04-25 18:34:29,Active,James Green
2023-04-25 17:07:07,Active,Darlene Newman
2023-04-22 22:54:14,Active,Ben Shen
2023-04-11 16:59:01,Active,Vikram Modi
2023-04-11 15:23:34,Active,Kelvin Mu
2023-04-06 02:26:48,Active,Dina Ghobrial
2023-04-06 02:04:08,Active,Kyra Durko
2023-04-05 20:08:50,Active,Daryle Whyte
2023-04-04 17:27:57,Active,Harry Stebbings
2023-03-23 17:05:05,Active,Jo√£o Ferr√£o dos Santos
2023-03-20 00:45:05,Active,Satya Nadella
2023-03-16 05:32:28,Active,Ahon Sarkar
2023-03-10 15:50:33,Active,Jeremy Solomon
2023-03-09 21:48:51,Active,Moishe  Mana
2023-03-03 18:38:39,Active,Rocio Wu Dianoux
2023-02-27 18:20:17,Active,Jane Fraser
2023-02-01 00:00:42,Active,Michael Miebach
2023-01-06 18:50:52,Active,"Tzvi Wertheimer, MHC, MSEd"
2022-12-22 01:10:09,Active,Nichole Wischoff
2022-12-19 19:56:06,Active,Julie Kleffel
2022-12-12 19:34:28,Unfollow,Jim Doyon
2022-12-03 20:46:06,Active,Claudia Lagunas
2022-11-30 23:16:38,Unfollow,Sona Rawat
2022-11-28 18:58:22,Unfollow,Constantine Kinoshenko
2022-11-28 18:52:53,Active,Maria Gotsch
2022-11-22 19:01:07,Active,DJ Seeterlin
2022-11-22 18:59:18,Active,Fran Duggan
2022-11-21 18:09:20,Active,Mike Butcher ‚úçÔ∏è
2022-11-21 17:55:39,Active,Yaroslav Krempovych
2022-11-17 22:42:55,Active,Taylor Burton
2022-11-16 17:19:10,Active,Natasha Mascarenhas
2022-11-11 21:08:43,Active,Michelle Tran
2022-11-11 21:07:21,Active,Simon Taylor
2022-11-11 01:05:56,Active,David Haber
2022-11-10 22:41:07,Active,Lisa Dolan
2022-11-10 20:13:59,Active,Iran Karimian
2022-11-09 02:47:32,Active,"Ashraf Hebela, CFA"
2022-11-09 02:38:32,Active,Maria Salamanca
2022-11-09 01:54:03,Active,David Wexler
2022-11-09 00:08:22,Active,Andres Barreto
2022-11-08 23:41:12,Active,Cory Klippsten
2022-11-08 23:35:46,Active,Michael Vaughan
2022-11-08 23:17:30,Active,James Barrese
2022-11-08 23:13:29,Active,Randy Rivera
2022-11-08 21:52:23,Active,Sahil Lavingia
2022-11-07 23:31:40,Active,Anupam Rastogi
2022-11-07 23:31:37,Active,Lucas Vaz
2022-11-05 18:10:48,Active,Ashel√´ Woods
2022-11-05 17:37:35,Active,Denelle Dixon
2022-11-05 17:30:43,Active,Alex Holmes
2022-11-01 14:50:35,Active,Arthur Bedel üí≥ ‚ôªÔ∏è
2022-10-26 21:27:18,Active,Carter Johnson
2022-10-26 20:14:19,Active,Chase Petrey
2022-10-25 20:58:42,Active,Karthik Puvvada
2022-10-25 20:13:58,Active,Colin Walsh
2022-10-22 23:45:25,Active,Ian Kar
2022-10-21 19:06:56,Active,Robert Blacklidge
2022-10-19 12:42:58,Active,Tope Alabi
2022-10-18 23:39:43,Active,Manan Mehta
2022-10-18 23:29:30,Active,Opeyemi Awoyemi
2022-10-18 19:26:24,Active,Paul Puey
2022-10-18 19:24:17,Active,Kirubha Perumalsamy
2022-10-18 03:59:30,Active,Andrew Adams
2022-10-18 03:58:35,Active,Annie Lamont
2022-10-18 03:16:23,Active,Oleg Rogynskyy
2022-10-17 23:59:32,Active,Brian Murray
2022-10-17 21:30:43,Active,Sayantan Chakraborty
2022-10-17 21:26:11,Active,Brad Brodigan
2022-10-16 18:00:31,Active,Victoria Zuo
2022-10-13 14:03:35,Active,Ham Serunjogi
2022-10-13 00:06:30,Unfollow,Faye Almeshaan
2022-10-12 19:16:05,Active,Jared Jones
2022-10-11 04:17:46,Active,Riley Rodgers
2022-10-11 04:13:13,Active,Martin Mignot
2022-10-05 21:28:24,Active,David Booth
2022-10-04 16:37:48,Active,Stephane Kasriel
2022-09-29 16:28:43,Active,Alex Gold
2022-09-29 02:17:22,Active,Patricia Kemp
2022-09-23 21:28:38,Active,Emmalyn Shaw
2022-09-23 21:28:17,Active,Sheel Mohnot
2022-09-23 21:25:34,Active,Charles Hudson
2022-09-23 21:23:06,Active,Dan Rosen
2022-09-23 21:22:03,Active,Scarlett Sieber
2022-09-16 02:33:25,Active,Sameer Nizamuddin
2022-08-31 20:06:42,Active,Kathy Bader Courtney
2022-08-19 15:26:20,Unfollow,Alisha Gill
2022-08-08 18:11:32,Active,Joe Robinson
2022-08-08 16:19:53,Active,Jesse Randall
2022-08-04 21:31:16,Active,Jeremy Allaire
2022-08-04 20:38:04,Active,Caribbean Telecoms Union
2022-08-04 20:23:00,Active,Prashant Singh
2022-08-04 20:12:08,Active,Martha Tate
2022-08-04 20:11:53,Active,Kaan Terzioglu
2022-08-04 19:23:46,Active,Aniqa Sandhu
2022-08-04 16:47:42,Active,Bhavin Turakhia
2022-08-04 16:36:34,Active,Raad Ahmed
2022-08-02 18:25:20,Active,Frederick Crosby
2022-07-27 20:17:05,Active,Mary Ann Azevedo
2022-07-21 17:01:00,Unfollow,David Ubeda
2022-07-19 17:47:23,Active,Bartek Ringwelski
2022-07-14 16:46:54,Active,Anne Dwane
2022-07-14 03:34:38,Active,Prasanna Lohar
2022-07-07 23:37:38,Active,Kyle Taylor
2022-06-22 19:18:06,Active,Dmitri Dolgov
2022-06-10 20:01:32,Active,Elaine Duff
2022-06-08 02:44:51,Active,Garry Tan
2022-05-26 20:36:44,Active,Jimmy Etheredge
2022-05-18 03:35:12,Active,Miles Schwartz
2022-04-12 14:43:30,Active,Linda Olson
2022-04-04 22:29:42,Active,Laura Gaviria Halaby
2022-03-26 19:40:03,Active,Zain Ali
2022-03-22 15:29:33,Active,Francesco Simoneschi
2022-03-08 16:22:03,Unfollow,Vitaliy Yanko
2022-03-03 20:17:59,Active,Igor Shoifot
2022-02-17 22:24:13,Active,Shawn Xu
2022-02-01 19:13:30,Active,Eduardo Saverin
2022-01-19 00:21:51,Active,Chris Britt
2021-12-16 19:13:05,Active,Jeff Erickson
2021-11-24 02:42:07,Unfollow,Jon Zanoff
2021-11-19 20:17:44,Active,Angela Strange
2021-11-19 00:09:05,Active,Matt Oppenheimer
2021-11-04 14:08:37,Active,Gaby Galindo Cajiga
2021-10-28 19:25:08,Unfollow,Nadeen Matthews Blair
2021-09-30 03:24:07,Active,Mikita Mikado
2021-09-29 23:10:53,Active,Ja'dan Johnson
2021-09-24 20:48:13,Active,Bill Barhydt
2021-09-24 19:39:05,Active,Jake Gibson
2021-09-17 16:18:47,Active,Nik Milanoviƒá
2021-09-17 00:13:54,Active,Justin Kan
2021-09-09 17:22:56,Active,Kiki Del Valle
2021-09-07 23:38:10,Active,Will Cathcart
2021-08-19 01:06:27,Active,David Cohen
2021-08-16 20:24:54,Active,Paul Judge
2021-08-16 20:14:41,Active,Raj Agrawal
2021-08-12 17:25:10,Active,Katelin Holloway
2021-08-05 20:47:18,Active,Jessica Alba
2021-08-01 23:33:41,Active,Kevin Adamek
2021-07-27 14:19:54,Active,Felice Gorordo
2021-07-14 19:26:08,Active,Alexander Taub
2021-07-14 19:23:26,Active,Kevin Laliberte
2021-06-24 00:58:04,Active,Andr√© Boaventura
2021-06-15 17:37:53,Active,Sabrina Tharani Libby
2021-06-12 14:39:46,Active,Patricia Hines
2021-05-03 23:21:26,Active,Taavet Hinrikus
2021-04-20 15:41:33,Active,Phil Libin
2021-04-11 22:05:58,Active,Marcelo Claure
2021-04-02 14:38:17,Active,Dan Schulman
2021-03-25 18:41:41,Active,Gustavo Cobeaga
2020-11-12 22:05:47,Unfollow,Anneta Vitushkina
2020-09-23 23:26:29,Active,Dave Anderson
2020-09-19 03:46:24,Unfollow,Zach Esparza
2020-09-12 19:53:32,Active,Chirag Patel
2020-09-09 04:26:40,Active,Michael Kent
2020-08-01 20:51:39,Active,Linas Beli≈´nas
2020-06-04 20:42:07,Unfollow,Mort Goldberg
2020-06-03 01:30:31,Active,Nicole Carroll
2020-03-04 19:42:03,Active,Nik Storonsky
2019-12-17 01:52:08,Active,Husayn Kassai
2019-11-04 17:36:27,Active,Frank Olea
2019-11-04 17:24:17,Active,Peter Kelly
2019-10-16 02:03:50,Active,Koen Marcel K Vanderhoydonk
2019-09-02 01:28:41,Active,Andrew Chen
2019-07-29 15:19:13,Active,Max Levchin
2019-05-07 16:34:58,Unfollow,Vipul SHAH
2019-04-29 23:34:15,Active,Juliano Seabra
2019-04-11 18:46:55,Unfollow,"Amy Chan (kiosk,digital signage,mini pc)"
2019-04-04 22:53:07,Active,Mark Cuban
2019-02-15 05:05:27,Active,Anthony Yearwood
2019-02-06 01:55:43,Active,Joy Randels
2019-02-05 23:28:52,Active,Steve Case
2019-02-01 00:12:44,Unfollow,Miguel Cruz
2019-01-13 18:12:49,Active,Scott Killoh
2019-01-05 19:00:28,Active,Stephen Price
2018-12-15 17:26:54,Active,"Robyn D. Shulman, M.Ed."
2018-12-15 17:23:33,Active,Jeremy Gardner
2018-11-15 03:12:10,Active,Erkan ..
2018-08-04 06:54:51,Active,Tyler Botts
2018-07-27 05:13:49,Active,Richard Branson
2018-06-13 03:10:45,Unfollow,Hardik Patel
2018-05-22 04:00:11,Active,Ann Cairns
2018-04-04 01:35:42,Active,Raj M Shimpi
2018-04-03 23:39:47,Active,Evan Wilsnack
2018-03-21 00:00:00,Active,Marvin Liao
2018-01-26 06:26:57,Active,Brad Garlinghouse
2017-12-22 00:00:00,Active,Peter Rampling
2017-12-20 00:00:00,Active,Amrik Sandhu
2017-12-13 18:31:35,Active,Sylvia Louisy
2017-11-22 04:25:52,Active,Brandon Mintz
2017-10-10 00:00:00,Active,Bill Gates
2017-10-10 00:00:00,Active,Guy Kawasaki
2017-10-10 00:00:00,Active,Arianna Huffington
2017-10-06 00:00:00,Active,Jeff Weiner
2017-10-02 03:29:27,Active,Chris Severson
2017-08-28 00:48:58,Unfollow,Philip  BESIIMIRE
2017-06-28 00:00:00,Active,Jason Schenker
2017-06-03 00:00:00,Active,Duena Blomstrom
2017-04-10 00:00:00,Active,David Chang
2017-03-17 00:00:00,Active,Karen Webster
2016-07-11 00:00:00,Active,Mason Sexton
2014-11-22 00:00:00,Active,Noelle Knox
2014-03-29 00:00:00,Active,Rebecca Rouse
2013-02-25 00:00:00,Active,Tom Meredith
2012-12-20 00:00:00,Active,Irina Wulf
2012-03-27 00:00:00,Active,Anatoly Artukhov
