Date/Time,Media Description,Media Link
"You uploaded a feed photo on November 14, 2019 at 8:36 PM (GMT)", -,https://media.licdn.com/dms/image/v2/C5622AQEfPKPgIYEBDg/feedshare-shrink_2048_1536/feedshare-shrink_2048_1536/0/1573763798878?e=1771459200&v=beta&t=XjQfK7-X3A_zfiSib5Nrb2w88xLt5Nf4EREABPJuJ18
"You uploaded a feed photo on November 14, 2019 at 8:36 PM (GMT)", -,https://media.licdn.com/dms/image/v2/C5622AQHQA4p7WuYtxg/feedshare-shrink_2048_1536/feedshare-shrink_2048_1536/0/1573763797989?e=1771459200&v=beta&t=lRDm5k8w1LVq6N3BCshHfoP2fXorkDG7yG8WHWefi84
"You uploaded a feed photo on November 14, 2019 at 8:36 PM (GMT)", -,https://media.licdn.com/dms/image/v2/C5622AQErMuz3vVpFMA/feedshare-shrink_2048_1536/feedshare-shrink_2048_1536/0/1573763796201?e=1771459200&v=beta&t=bEKtTkb7lP-7-lN5m4sYFfMGcm_6qwiYVo4tzTFCUX8
"You uploaded a feed photo on November 14, 2019 at 8:36 PM (GMT)", -,https://media.licdn.com/dms/image/v2/C5622AQFadkNlYItnpg/feedshare-shrink_2048_1536/feedshare-shrink_2048_1536/0/1573763798121?e=1771459200&v=beta&t=u6U89Uuq83UfwfhCftr_ZDKKLmGGYDJbdbwaOpUt1iw
"You uploaded a feed photo on November 14, 2019 at 8:36 PM (GMT)", -,https://media.licdn.com/dms/image/v2/C5622AQEsfEpC0uPnnA/feedshare-shrink_2048_1536/feedshare-shrink_2048_1536/0/1573763798997?e=1771459200&v=beta&t=1TLDq4VCPCcOksPC_2Vqd0UBtD171PyWtIAthJGJ76k
"You uploaded a feed photo on November 14, 2019 at 8:36 PM (GMT)", -,https://media.licdn.com/dms/image/v2/C5622AQEYiX77t2i1Ew/feedshare-shrink_2048_1536/feedshare-shrink_2048_1536/0/1573763795183?e=1771459200&v=beta&t=pRjtYoc3Y_GvQl4Z2RODPEyXBVyTnuSpubW0XR2kEZ8
"You uploaded a feed photo on November 14, 2019 at 8:36 PM (GMT)", -,https://media.licdn.com/dms/image/v2/C5622AQHSKYYdbpwKVg/feedshare-shrink_2048_1536/feedshare-shrink_2048_1536/0/1573763797531?e=1771459200&v=beta&t=E293l50dr_IqaP1Kk5ErbeVFQIfkdwU-s2IhVRI7PvA
"You uploaded a profile background photo on July 2, 2018 at 12:15 AM (GMT)", -,https://media.licdn.com/dms/image/v2/C4E16AQFqbV2J78xSpg/profile-displaybackgroundimage-shrink_200_800/profile-displaybackgroundimage-shrink_200_800/0/1530490512029?e=1771459200&v=beta&t=eLg5hlnXwoFJgmks60MEqg2GcsiPXsmCHopsm-rJaJY
"You uploaded a profile background photo on July 2, 2018 at 12:15 AM (GMT)", -,https://media.licdn.com/dms/image/v2/C4E04AQGuT3Kkt3bG3Q/profile-originalbackgroundimage-shrink_396_1584/profile-originalbackgroundimage-shrink_396_1584/0/1530490513278?e=1771459200&v=beta&t=kCGpIKJOJNzQZhmPk_udFFIwA3vrXk2VPT-cL9e_l0Q
